breed,url,a_adaptability,a1_adapts_well_to_apartment_living,a2_good_for_novice_owners,a3_sensitivity_level,a4_tolerates_being_alone,a5_tolerates_cold_weather,a6_tolerates_hot_weather,b_all_around_friendliness,b1_affectionate_with_family,b2_incredibly_kid_friendly_dogs,b3_dog_friendly,b4_friendly_toward_strangers,c_health_grooming,c1_amount_of_shedding,c2_drooling_potential,c3_easy_to_groom,c4_general_health,c5_potential_for_weight_gain,c6_size,d_trainability,d1_easy_to_train,d2_intelligence,d3_potential_for_mouthiness,d4_prey_drive,d5_tendency_to_bark_or_howl,d6_wanderlust_potential,e_exercise_needs,e1_energy_level,e2_intensity,e3_exercise_needs,e4_potential_for_playfulness,breed_group,height,weight,life_span,join_breed,life_span_min,life_span_max
Afador,https://dogtime.com/dog-breeds/afador,2,1,1,3,3,4,2,3,4,2,3,1,3,4,3,2,3,4,4,4,1,5,4,4,4,4,4,4,4,4,3,Mixed Breed Dogs,20 to 29 inches,50 to 75 pounds,10 to 12 years,afador,10.0,12.0
Affenhuahua,https://dogtime.com/dog-breeds/affenhuahua,3,4,4,4,1,2,3,3,4,3,2,2,3,2,1,4,4,5,1,3,3,3,4,2,4,2,3,4,3,3,3,Mixed Breed Dogs,6 to 12 inches,4 to 12 pounds,13 to 18 years,affenhuahua,13.0,18.0
Affenpinscher,https://dogtime.com/dog-breeds/affenpinscher,3,5,4,3,1,3,3,3,5,1,4,3,2,1,1,3,4,3,1,3,2,4,4,3,2,2,4,4,3,3,4,Companion Dogs,9 inches to 11 inches tall at the shoulder,7 to 9 pounds,12 to 14 years,affenpinscher,12.0,14.0
Afghan Hound,https://dogtime.com/dog-breeds/afghan-hound,4,5,3,5,2,5,5,4,5,5,4,2,2,4,1,1,3,1,4,3,1,4,3,5,2,5,4,5,2,4,4,Hound Dogs,"2 feet to 2 feet, 4 inches tall at the shoulder",50 to 60 pounds,10 to 12 years,afghan hound,10.0,12.0
Airedale Terrier,https://dogtime.com/dog-breeds/airedale-terrier,2,1,2,3,2,3,3,4,4,4,4,3,3,2,1,2,3,4,3,5,4,5,5,5,4,4,5,5,3,5,5,Terrier Dogs,"1 foot, 9 inches to 1 foot, 11 inches tall at the shoulder",40 to 65 pounds,10 to 13 years,airedale terrier,10.0,13.0
Akbash,https://dogtime.com/dog-breeds/akbash,3,1,2,3,4,4,2,4,5,4,3,2,4,4,2,3,4,4,4,3,3,4,3,1,3,1,2,2,2,2,3,Working Dogs,27 to 34 inches,75 to 140 pounds,10 to 12 years,akbash,10.0,12.0
Akita,https://dogtime.com/dog-breeds/akita,3,2,2,5,1,5,2,2,5,1,1,2,4,5,5,1,4,4,4,4,2,3,3,4,5,4,4,4,3,4,5,Working Dogs,"2 feet to 2 feet, 4 inches tall at the shoulder",70 to 130 pounds,10 to 12 years,akita,10.0,12.0
Alaskan Klee Kai,https://dogtime.com/dog-breeds/alaskan-klee-kai,3,3,2,4,2,5,2,3,4,3,2,2,3,4,2,4,4,2,2,4,4,4,2,5,3,4,4,4,2,4,4,Companion Dogs,13 to 17 inches,10 to 15 pounds,12 to 16 years,alaskan klee kai,12.0,16.0
Alaskan Malamute,https://dogtime.com/dog-breeds/alaskan-malamute,2,1,1,4,1,5,2,4,4,3,2,5,3,5,1,1,4,3,4,4,4,4,3,4,5,5,5,5,5,5,5,Working Dogs,"1 foot, 11 inches to 2 feet, 1 inch tall at the shoulder",75 to 100 pounds,12 to 15 years,alaskan malamute,12.0,15.0
American Bulldog,https://dogtime.com/dog-breeds/american-bulldog,2,1,1,4,1,2,2,3,5,4,2,2,3,1,4,4,3,2,4,3,4,3,2,4,2,3,4,4,4,4,4,Working Dogs,20 to 28 inches,60 to 120 pounds,10 to 16 years,american bulldog,10.0,16.0
American English Coonhound,https://dogtime.com/dog-breeds/american-english-coonhound,3,1,2,5,2,4,4,5,5,5,4,5,3,3,1,5,4,3,3,5,5,4,3,5,5,5,5,5,5,5,5,Hound Dogs,"1 foot, 11 inches to 2 feet, 2 inches tall at the shoulder",,10 to 12 years,american english coonhound,10.0,12.0
American Eskimo Dog,https://dogtime.com/dog-breeds/american-eskimo-dog,4,5,4,4,2,5,3,5,5,5,5,4,3,5,1,3,5,4,2,4,5,4,3,3,4,3,4,5,3,4,5,Companion Dogs,"1 foot, 3 inches to 1 foot, 7 inches tall at the shoulder",Starts at 30 pounds,12 to 15 years,american eskimo dog,12.0,15.0
American Foxhound,https://dogtime.com/dog-breeds/american-foxhound,2,1,2,2,1,4,4,5,4,5,5,4,4,3,1,5,5,5,3,4,2,3,3,4,5,5,5,5,4,5,5,Hound Dogs,"1 foot, 9 inches to 2 feet, 1 inch tall at the shoulder",40 to 60 pounds,12 to 13 years,american foxhound,12.0,13.0
American Leopard Hound,https://dogtime.com/dog-breeds/american-leopard-hound,3,2,4,3,3,4,4,4,5,4,4,3,3,2,2,4,4,2,4,4,4,4,3,4,4,4,4,4,3,4,4,Hound Dogs,21 to 27 Inches.,35 to 75 pounds. ,12 to 15 years. ,american leopard hound,12.0,15.0
American Pit Bull Terrier,https://dogtime.com/dog-breeds/american-pit-bull-terrier,3,3,2,4,1,2,3,4,5,5,1,5,3,4,1,5,4,3,3,4,4,4,5,3,3,4,5,4,5,4,5,Terrier Dogs,"1 foot, 5 inches to 1 foot, 7 inches tall at the shoulder",30 to 85 pounds,12 to 16 years,american pit bull terrier,12.0,16.0
American Pugabull,https://dogtime.com/dog-breeds/american-pugabull,3,3,3,4,1,2,3,4,5,4,3,3,3,3,3,4,2,3,3,3,3,3,2,4,4,2,4,4,4,3,5,Mixed Breed Dogs,12 to 20 inches,25 to 70 pounds ,12 to 14 years ,american pugabull,12.0,14.0
American Staffordshire Terrier,https://dogtime.com/dog-breeds/american-staffordshire-terrier,2,2,2,3,2,2,3,4,4,4,2,4,3,2,3,4,3,2,3,4,4,4,5,3,4,3,4,3,5,3,4,Terrier Dogs,16 to 19 inches,40 to 60 pounds,10 to 15 years,american staffordshire terrier,10.0,15.0
American Water Spaniel,https://dogtime.com/dog-breeds/american-water-spaniel,3,2,2,5,1,2,4,4,5,5,2,3,3,3,1,3,3,3,3,4,4,3,5,2,3,5,4,5,2,5,5,Sporting Dogs,"1 foot, 3 inches to 1 foot, 6 inches tall at the shoulder",25 to 45 pounds,12 to 15 years,american water spaniel,12.0,15.0
Anatolian Shepherd Dog,https://dogtime.com/dog-breeds/anatolian-shepherd-dog,3,1,2,4,3,5,3,2,3,2,2,1,3,2,3,4,3,3,5,3,4,4,2,2,2,4,3,3,3,3,3,Working Dogs,"2 feet, 3 inches to 2 feet, 5 inches tall at the shoulder",80 to 150 pounds,11 to 13 years,anatolian shepherd dog,11.0,13.0
Appenzeller Sennenhunde,https://dogtime.com/dog-breeds/appenzeller-sennenhunde,3,1,3,3,1,5,4,4,5,5,3,2,3,3,1,5,4,3,3,4,4,4,5,3,5,3,4,4,4,5,4,Herding Dogs,"1 foot, 7 inches to 1 foot, 10 inches tall at the shoulder",48 to 55 pounds,9 to 12 years,appenzeller sennenhunde,9.0,12.0
Auggie,https://dogtime.com/dog-breeds/auggie,3,2,3,4,3,4,3,5,5,5,5,4,3,4,1,2,3,4,3,4,5,5,3,3,4,3,5,5,4,5,5,Mixed Breed Dogs,10 to 13 inches,20 to 30 pounds,12 to 15 years,auggie,12.0,15.0
Aussiedoodle,https://dogtime.com/dog-breeds/aussiedoodle,3,2,3,3,2,3,3,4,5,4,4,4,4,3,4,3,4,4,3,4,5,5,3,3,2,3,5,5,4,5,5,Mixed Breed Dogs,10 to 15 inches,25 to 70 pounds,10 to 13 years,aussiedoodle,10.0,13.0
Aussiepom,https://dogtime.com/dog-breeds/aussiepom,3,3,2,3,2,3,3,4,4,3,4,4,3,3,2,2,4,4,3,3,4,4,4,2,3,2,4,5,3,4,5,Mixed Breed Dogs,11 to 17 inches,10 to 30 pounds,12 to 15 years,aussiepom,12.0,15.0
Australian Cattle Dog,https://dogtime.com/dog-breeds/australian-cattle-dog,3,2,1,4,3,4,4,4,5,3,4,2,3,3,1,4,5,4,3,4,5,5,5,4,2,4,5,5,5,5,5,Herding Dogs,"1 foot, 5 inches to 1 foot, 8 inches tall at the shoulder",30 to 50 pounds,12 to 15 years,australian cattle dog,12.0,15.0
Australian Kelpie,https://dogtime.com/dog-breeds/australian-kelpie,3,2,2,4,2,3,5,3,4,2,3,2,3,3,1,4,3,2,3,5,5,5,5,4,4,4,4,5,3,5,4,Herding Dogs,15 to 20 inches,25 to 46 pounds,10 to 15 years,australian kelpie,10.0,15.0
Australian Retriever,https://dogtime.com/dog-breeds/australian-retriever,3,1,4,3,2,4,4,4,4,4,3,3,3,3,2,3,4,4,4,3,4,4,2,3,2,4,4,5,3,5,4,Mixed Breed Dogs,19 to 23 inches,25 to 60 pounds,12 to 15 years,australian retriever,12.0,15.0
Australian Shepherd,https://dogtime.com/dog-breeds/australian-shepherd,3,1,2,5,2,4,4,4,5,4,5,3,2,3,1,1,2,4,3,5,5,5,4,4,4,5,5,5,4,5,5,Herding Dogs,"1 foot, 6 inches to 1 foot, 11 inches tall at the shoulder",40 to 65 pounds,12 to 15 years,australian shepherd,12.0,15.0
Australian Shepherd Husky,https://dogtime.com/dog-breeds/australian-shepherd-husky,3,1,2,4,1,5,4,3,5,3,2,2,3,4,2,3,3,4,4,4,4,5,3,4,5,5,5,5,5,5,5,Mixed Breed Dogs,18 to 25 inches,40 to 65 pounds,12 to 15 years,australian shepherd husky,12.0,15.0
Australian Shepherd Lab Mix,https://dogtime.com/dog-breeds/australian-shepherd-lab-mix,4,2,2,5,4,5,4,4,4,4,4,4,4,4,2,4,4,3,4,4,5,5,4,3,3,5,5,5,5,5,5,Mixed Breed Dogs,22 to 25 inches ,40 to 80 pounds,12 to 15 years ,australian shepherd lab mix,12.0,15.0
Australian Shepherd Pit Bull Mix,https://dogtime.com/dog-breeds/australian-shepherd-pit-bull-mix,3,2,3,3,2,3,3,4,4,4,3,3,4,4,2,3,4,5,4,3,4,4,3,4,2,3,4,4,3,4,4,Mixed Breed Dogs,17 to 23 inches,30 to 85 pounds,10 to 16 years,australian shepherd pit bull mix,10.0,16.0
Australian Terrier,https://dogtime.com/dog-breeds/australian-terrier,3,5,3,2,2,3,4,3,4,3,2,3,3,1,1,5,5,3,1,4,3,4,1,5,5,4,5,5,5,4,5,Terrier Dogs,10 inches to 11 inches tall at the shoulder,14 to 16 pounds,Up to 15 years,australian terrier,15.0,15.0
Azawakh,https://dogtime.com/dog-breeds/azawakh,3,5,2,3,3,1,5,3,4,2,3,2,3,3,1,5,3,3,3,3,3,3,3,4,1,2,3,3,2,4,3,Hound Dogs,"1 foot, 11 inches to 2 feet, 5 inches tall at the shoulder",33 to 55 pounds,12 to 15 years,azawakh,12.0,15.0
Barbet,https://dogtime.com/dog-breeds/barbet,3,3,2,3,1,4,4,4,5,4,4,3,2,2,1,1,4,3,3,3,4,4,2,3,3,3,4,5,3,3,4,Sporting Dogs,"1 foot, 8 inches to 2 feet, 1 inch tall at the shoulder",37 to 62 pounds,13 to 15 years,barbet,13.0,15.0
Basenji,https://dogtime.com/dog-breeds/basenji,4,5,4,3,4,1,4,5,5,5,4,5,3,1,5,5,2,2,2,4,1,4,5,5,1,5,3,5,1,5,2,Hound Dogs,"1 foot, 4 inches to 1 foot, 5 inches tall at the shoulder",22 to 24 pounds,10 to 12 years,basenji,10.0,12.0
Bassador,https://dogtime.com/dog-breeds/bassador,3,2,2,3,3,4,4,3,3,3,3,3,4,5,4,3,3,3,4,3,2,3,2,4,3,3,3,3,2,4,3,Mixed Breed Dogs,13 to 20 inches,45 to 70 pounds,10 to 12 years,bassador,10.0,12.0
Basset Fauve de Bretagne,https://dogtime.com/dog-breeds/basset-fauve-de-bretagne,3,4,4,3,3,3,1,4,5,4,4,3,3,2,1,4,5,1,2,3,3,5,3,3,2,1,3,4,2,4,3,Hound Dogs,12 to 15 inches. ,25 to 35 pounds. ,12 to 15 years. ,basset fauve de bretagne,12.0,15.0
Basset Hound,https://dogtime.com/dog-breeds/basset-hound,3,5,4,4,3,2,2,5,5,5,5,5,4,4,4,5,1,5,2,4,2,4,3,5,4,5,2,2,2,2,2,Hound Dogs,"Up to 1 foot, 2 inches tall at the shoulder",50 to 65 pounds,10 to 12 years,basset hound,10.0,12.0
Basset Retriever,https://dogtime.com/dog-breeds/basset-retriever,3,3,3,2,2,4,4,4,4,4,3,4,3,2,2,4,4,4,3,4,4,5,3,5,2,4,4,4,2,4,4,Mixed Breed Dogs,10 to 14 inches,40 to 70 pounds,10 to 12 years,basset retriever,10.0,12.0
Bavarian Mountain Scent Hound,https://dogtime.com/dog-breeds/bavarian-mountain-scent-hound,2,2,3,2,2,2,3,4,5,4,3,2,3,1,2,3,4,2,3,3,3,4,2,4,2,2,4,4,2,4,4,Hound Dogs,17 to 20 inches.,44 to 55 pounds. ,10 to 14 years. ,bavarian mountain scent hound,10.0,14.0
Beabull,https://dogtime.com/dog-breeds/beabull,3,4,3,4,4,2,2,4,5,5,4,3,4,4,3,5,3,4,3,4,3,3,4,4,4,4,4,3,4,3,5,Mixed Breed Dogs,12 to 16 inches,30 to 60 pounds,10 to 13 years,beabull,10.0,13.0
Beagle,https://dogtime.com/dog-breeds/beagle,3,4,3,4,1,2,4,5,5,5,5,5,3,3,1,4,1,5,2,4,1,4,3,5,5,5,5,4,5,4,5,Hound Dogs,"1 foot, 1 inch to 1 foot, 3 inches tall at the shoulder",18 to 30 pounds,10 to 15 years,beagle,10.0,15.0
Beaglier,https://dogtime.com/dog-breeds/beaglier,3,5,4,4,1,2,3,5,5,5,5,5,3,3,1,4,2,5,2,3,2,4,3,3,4,4,4,3,3,4,5,Mixed Breed Dogs,12 to 16 inches ,10 to 20 pounds,10 to 15 years ,beaglier,10.0,15.0
Bearded Collie,https://dogtime.com/dog-breeds/bearded-collie,3,3,4,4,2,4,3,5,5,4,5,4,3,4,1,2,3,4,3,4,5,4,3,3,3,5,4,4,4,4,5,Herding Dogs,"1 foot, 8 inches to 1 foot, 10 inches tall at the shoulder",45 to 55 pounds,12 to 14 years,bearded collie,12.0,14.0
Bedlington Terrier,https://dogtime.com/dog-breeds/bedlington-terrier,4,4,4,3,3,4,3,5,5,4,4,5,3,5,1,1,4,3,3,4,3,5,4,5,3,4,4,4,2,4,5,Terrier Dogs,"1 foot, 3 inches to 1 foot, 4 inches tall at the shoulder",17 to 23 pounds,14 to 16 years,bedlington terrier,14.0,16.0
Belgian Malinois,https://dogtime.com/dog-breeds/belgian-malinois,3,1,3,5,3,4,4,4,5,4,2,3,3,2,1,5,4,2,4,4,5,5,3,4,2,3,5,5,4,5,5,Herding Dogs,22 inches to 26 inches tall at the shoulder,40 to 80 pounds,12 to 14 years,belgian malinois,12.0,14.0
Belgian Sheepdog,https://dogtime.com/dog-breeds/belgian-sheepdog,4,3,3,5,3,4,3,5,4,5,5,4,3,5,1,3,3,2,4,4,5,5,2,5,1,4,5,5,3,5,5,Herding Dogs,"1 foot, 10 inches to 2 feet, 2 inches tall at the shoulder",60 to 75 pounds,10 to 12 years,belgian sheepdog,10.0,12.0
Belgian Tervuren,https://dogtime.com/dog-breeds/belgian-tervuren,3,3,3,5,1,4,3,3,4,3,3,3,3,4,1,3,3,2,4,4,5,5,2,2,5,4,4,5,3,4,5,Herding Dogs,"1 foot, 9 inches to 2 feet, 2 inches tall at the shoulder",40 to 70 pounds,10 to 12 years,belgian tervuren,10.0,12.0
Berger Picard,https://dogtime.com/dog-breeds/berger-picard,4,3,4,5,3,4,3,4,5,5,3,2,4,4,1,5,5,3,4,3,4,4,2,3,2,2,5,5,3,5,5,Herding Dogs,"1 foot, 9 inches to 2 feet, 1 inch tall at the shoulder",50 to 70 pounds,13 to 14 years,berger picard,13.0,14.0
Bernedoodle,https://dogtime.com/dog-breeds/bernedoodle,3,3,3,4,2,5,3,4,5,5,4,3,3,1,2,3,4,3,3,4,4,5,4,3,3,3,4,4,3,3,5,Mixed Breed Dogs,"From 10 to 29 inches tall at the shoulder, as sizes vary from tiny to standard",From 10 to 90 pounds,12 to 18 years. Tiny Bernedoodles tend to live longer than standard.,bernedoodle,12.0,18.0
Bernese Mountain Dog,https://dogtime.com/dog-breeds/bernese-mountain-dog,2,1,2,4,1,5,1,5,5,5,3,5,4,5,4,3,1,4,5,4,4,4,5,5,4,3,4,4,3,3,4,Working Dogs,23 to 28 inches,70 to 115 pounds,6 to 10 years,bernese mountain dog,6.0,10.0
Bichon Frise,https://dogtime.com/dog-breeds/bichon-frise,4,5,5,5,1,3,4,5,5,4,4,5,2,2,1,1,4,4,2,3,5,4,3,4,2,2,4,5,3,3,5,Companion Dogs,9 inches to 11 inches tall at the shoulder,7 to 12 pounds,12 to 15 years,bichon frise,12.0,15.0
Biewer Terrier,https://dogtime.com/dog-breeds/biewer-terrier,3,5,3,3,3,2,3,4,5,4,3,3,2,1,1,4,4,3,1,3,3,4,3,1,3,1,4,5,3,3,4,Terrier Dogs,7 to 11 inches,4 to 8 pounds,12 to 15 years,biewer terrier,12.0,15.0
Black and Tan Coonhound,https://dogtime.com/dog-breeds/black-and-tan-coonhound,3,1,2,3,2,4,4,5,5,5,5,5,4,5,3,4,5,5,3,4,2,5,1,5,5,5,5,5,5,5,5,Hound Dogs,"1 foot, 11 inches to 2 feet, 3 inches tall at the shoulder",75 to 100 pounds,10 to 12 years,black and tan coonhound,10.0,12.0
Black Mouth Cur,https://dogtime.com/dog-breeds/black-mouth-cur,3,1,2,4,2,3,3,4,5,5,3,3,3,3,2,5,4,2,4,4,3,4,3,5,4,4,4,4,3,5,4,Working Dogs,16 to 25 inches,40 to 95 pounds,12 to 18 years,black mouth cur,12.0,18.0
Black Russian Terrier,https://dogtime.com/dog-breeds/black-russian-terrier,3,3,2,4,1,4,3,4,5,5,2,3,3,2,3,2,3,3,5,4,4,4,4,3,3,3,5,4,5,4,5,Working Dogs,26 to 28 inches at the shoulder,80 to 140 pounds,10 to 11 years,black russian terrier,10.0,11.0
Bloodhound,https://dogtime.com/dog-breeds/bloodhound,3,1,2,4,2,3,3,5,5,5,5,5,3,4,5,1,3,3,4,4,3,4,5,3,4,5,4,5,4,5,3,Hound Dogs,"1 foot, 11 inches to 2 feet, 3 inches tall at the shoulder",80 to 110 pounds,11 to 15 years,bloodhound,11.0,15.0
Blue Lacy,https://dogtime.com/dog-breeds/blue-lacy,3,1,1,4,2,4,5,3,4,3,2,2,3,3,2,5,4,2,3,5,5,5,4,5,5,4,5,5,5,5,4,Working Dogs,17 to 25 inches,25 to 50 pounds,12 to 16 years,blue lacy,12.0,16.0
Bluetick Coonhound,https://dogtime.com/dog-breeds/bluetick-coonhound,3,2,2,5,2,3,3,4,5,5,3,3,3,2,2,5,4,3,3,4,2,4,3,4,4,5,5,5,4,5,5,Hound Dogs,"1 foot, 11 inches to 2 feet, 6 inches tall at the shoulder",45 to 100 pounds,10 to 12 years,bluetick coonhound,10.0,12.0
Bocker,https://dogtime.com/dog-breeds/bocker,4,5,3,5,1,3,4,4,5,4,4,4,3,3,1,3,3,4,2,5,4,4,4,5,5,5,4,4,3,4,4,Mixed Breed Dogs,12 to 15 inches ,20 to 30 pounds ,12 to 15 years ,bocker,12.0,15.0
Boerboel,https://dogtime.com/dog-breeds/boerboel,2,1,1,3,2,3,4,3,4,4,2,2,4,3,4,4,4,3,5,3,2,4,3,3,3,4,4,3,4,4,4,Working Dogs,22 to 28 inches,110 to 200 pounds,10 to 12 years,boerboel,10.0,12.0
Boglen Terrier,https://dogtime.com/dog-breeds/boglen-terrier,3,4,4,4,2,2,3,5,5,5,5,5,3,2,1,4,3,3,2,4,2,2,4,4,4,5,5,4,5,4,5,Mixed Breed Dogs,12 to 17 inches ,10 to 40 pounds,10 to 15 years ,boglen terrier,10.0,15.0
Bolognese,https://dogtime.com/dog-breeds/bolognese,3,5,3,5,2,2,3,5,5,5,5,5,2,1,1,1,5,3,1,4,5,4,4,5,4,1,3,3,3,4,3,Companion Dogs,9 inches to 1 foot tall at the shoulder,8 to 14 pounds,12 to 14 years,bolognese,12.0,14.0
Borador,https://dogtime.com/dog-breeds/borador,3,3,3,2,2,3,3,4,5,4,4,4,4,4,3,3,3,4,4,3,4,5,3,3,2,3,4,4,3,4,5,Hybrid Dogs,19 to 24 inches,40 to 65 pounds,10 to 15 years,borador,10.0,15.0
Border Collie,https://dogtime.com/dog-breeds/border-collie,3,2,2,5,1,4,4,4,5,4,3,5,3,3,1,3,2,3,3,4,5,5,3,3,2,3,5,5,3,5,5,Herding Dogs,"1 foot, 6 inches to 1 foot, 10 inches tall at the shoulder",30 to 45 pounds,12 to 15 years,border collie,12.0,15.0
Border Sheepdog,https://dogtime.com/dog-breeds/border-sheepdog,3,2,3,2,2,4,2,4,5,4,3,3,3,3,1,3,4,2,3,4,4,5,4,3,4,2,4,5,3,5,4,Mixed Breed Dogs,16 to 22 inches,25 to 45 pounds,12 to 15 years,border sheepdog,12.0,15.0
Border Terrier,https://dogtime.com/dog-breeds/border-terrier,3,4,3,3,1,4,3,4,5,4,2,5,3,3,1,2,4,5,2,4,3,5,5,5,1,4,5,4,4,5,5,Terrier Dogs,10 inches to 11 inches tall at the shoulder,11 to 15 pounds,12 to 15 years,border terrier,12.0,15.0
Bordoodle,https://dogtime.com/dog-breeds/bordoodle,4,4,4,3,3,4,4,4,4,5,3,2,3,2,2,4,4,3,3,3,4,5,3,2,2,3,3,3,2,3,4,Mixed Breed Dogs,12 to 22 inches,30 to 60 pounds,12 to 15 years,bordoodle,12.0,15.0
Borzoi,https://dogtime.com/dog-breeds/borzoi,4,5,3,5,1,4,3,4,4,3,4,4,4,5,1,4,4,2,5,4,3,4,3,5,2,4,2,2,2,2,3,Hound Dogs,"2 feet, 2 inches to 2 feet, 8 inches tall at the shoulder",55 to 105 pounds,10 to 12 years,borzoi,10.0,12.0
BoShih,https://dogtime.com/dog-breeds/boshih,3,5,4,3,1,2,2,3,4,2,3,4,3,2,1,5,3,3,2,2,2,3,1,1,2,2,3,3,2,3,5,Mixed Breed Dogs,12 to 15 inches ,10 to 20 pounds,12 to 15 years ,boshih,12.0,15.0
Bossie,https://dogtime.com/dog-breeds/bossie,3,2,2,3,5,3,3,4,4,4,4,4,3,2,1,3,3,3,3,4,4,4,3,3,3,5,5,4,4,5,5,Mixed Breed Dogs,15 to 23 inches,25 to 40 pounds,12 to 15 years ,bossie,12.0,15.0
Boston Boxer,https://dogtime.com/dog-breeds/boston-boxer,3,4,3,3,2,3,3,4,4,4,4,2,4,3,3,4,4,4,3,3,3,4,3,3,3,2,4,4,3,4,5,Mixed Breed Dogs,15 to 23 inches,22 to 55 pounds,12 to 15 years,boston boxer,12.0,15.0
Boston Terrier,https://dogtime.com/dog-breeds/boston-terrier,4,5,4,5,3,3,2,5,4,5,5,4,3,2,1,5,4,3,2,3,4,4,2,2,3,5,5,4,5,4,5,Companion Dogs,"1 foot to 1 foot, 3 inches tall at the shoulder",10 to 25 pounds,13 to 15 years,boston terrier,13.0,15.0
Bouvier des Flandres,https://dogtime.com/dog-breeds/bouvier-des-flandres,3,3,2,4,2,4,2,4,5,5,2,2,3,1,1,2,3,4,4,3,5,4,2,2,4,2,4,4,5,4,4,Herding Dogs,"1 foot, 11 inches to 2 feet, 4 inches tall at the shoulder",70 to 100 pounds,10 to 12 years,bouvier des flandres,10.0,12.0
Boxador,https://dogtime.com/dog-breeds/boxador,2,2,2,3,1,2,2,4,5,4,4,4,4,4,2,5,2,4,4,4,5,5,3,2,3,3,5,5,5,5,5,Mixed Breed Dogs,23 to 25 inches,50 to 110 pounds,12 to 15 years,boxador,12.0,15.0
Boxer,https://dogtime.com/dog-breeds/boxer,3,4,3,4,1,2,1,4,5,4,3,4,3,4,2,5,2,4,3,3,4,4,2,3,3,3,5,5,5,5,5,Working Dogs,21 to 25 inches at the shoulder,60 to 70 pounds,10 to 12 years,boxer,10.0,12.0
Boxerdoodle,https://dogtime.com/dog-breeds/boxerdoodle,3,1,3,3,2,3,3,4,4,3,4,3,3,2,2,3,3,4,3,3,4,4,2,3,2,4,4,4,4,4,5,Mixed Breed Dogs,10 to 25 inches,12 to 70 pounds,10 to 12 years,boxerdoodle,10.0,12.0
Boxmatian,https://dogtime.com/dog-breeds/boxmatian,2,1,2,3,2,2,4,3,4,3,2,1,4,3,2,3,5,4,5,4,3,4,4,3,3,4,5,5,4,5,4,Mixed Breed Dogs,19 to 25 inches,50 to 90 pounds,10 to 13 years,boxmatian,10.0,13.0
Boxweiler,https://dogtime.com/dog-breeds/boxweiler,3,2,3,4,2,3,2,4,5,4,4,2,3,3,2,3,3,4,4,3,4,4,2,2,3,1,4,4,3,4,4,Mixed Breed Dogs,21 to 27 inches,70 to 100 pounds,8 to 13 years,boxweiler,8.0,13.0
Boykin Spaniel,https://dogtime.com/dog-breeds/boykin-spaniel,3,1,3,4,3,3,4,4,5,5,4,3,3,4,1,1,2,4,3,4,4,4,4,2,3,4,5,5,5,5,4,Sporting Dogs,"1 foot, 2 inches to 1 foot, 6 inches tall at the shoulder",25 to 40 pounds,10 to 12 years,boykin spaniel,10.0,12.0
Bracco Italiano,https://dogtime.com/dog-breeds/bracco-italiano,3,1,2,4,3,3,3,4,5,4,5,3,3,3,2,5,2,3,4,3,3,4,2,5,2,3,4,4,4,5,4,Sporting Dogs,22 to 26 inches,55 to 90 pounds,10 to 14 years,bracco italiano,10.0,14.0
Braque du Bourbonnais,https://dogtime.com/dog-breeds/braque-du-bourbonnais,2,1,3,3,2,2,3,4,5,4,4,4,3,2,1,4,4,1,3,3,4,4,3,4,3,2,4,5,2,5,3,Working Dogs,18 to 23 inches.,35 to 55 pounds.,12 to 15 years. ,braque du bourbonnais,12.0,15.0
Briard,https://dogtime.com/dog-breeds/briard,3,3,3,4,3,4,3,4,4,5,5,2,2,1,1,1,3,3,4,4,4,4,2,3,4,5,4,4,4,4,4,Herding Dogs,"1 foot, 10 inches to 2 feet, 3 inches tall at the shoulder",70 to 100 pounds,10 to 12 years,briard,10.0,12.0
Brittany,https://dogtime.com/dog-breeds/brittany,3,1,3,5,1,4,3,5,5,5,5,4,4,3,5,3,4,3,3,4,3,5,3,5,3,4,5,5,3,5,5,Sporting Dogs,"1 foot, 5 inches to 1 foot, 8 inches tall at the shoulder",30 to 40 pounds,10 to 13 years,brittany,10.0,13.0
Broholmer,https://dogtime.com/dog-breeds/broholmer,3,2,4,3,3,3,3,4,5,4,3,3,4,3,2,4,4,3,5,3,4,4,3,2,3,2,3,3,3,3,3,Companion Dogs,22 to 30 inches.,90 to 150 pounds. ,8 to 12 years. ,broholmer,8.0,12.0
Brussels Griffon,https://dogtime.com/dog-breeds/brussels-griffon,3,5,2,5,1,1,2,4,5,4,4,3,3,3,3,3,3,3,1,3,3,4,3,1,4,5,4,5,3,4,5,Companion Dogs,7 inches to 8 inches tall at the shoulder,7 to 12 pounds,12 to 15 years,brussels griffon,12.0,15.0
Bugg,https://dogtime.com/dog-breeds/bugg,3,5,4,3,2,2,3,3,4,3,2,3,3,2,2,4,4,4,2,3,3,4,4,3,4,2,3,4,3,2,4,Mixed Breed Dogs,14 to 18 inches,10 to 25 pounds,10 to 15 years,bugg,10.0,15.0
Bull-Pei,https://dogtime.com/dog-breeds/bull-pei,2,4,2,3,3,1,1,2,3,2,2,2,4,4,3,4,3,4,3,2,3,2,4,2,2,1,2,2,2,2,2,Mixed Breed Dogs,16 to 18 inches,35 to 65 pounds ,9 to 11 years ,bull-pei,9.0,11.0
Bull Terrier,https://dogtime.com/dog-breeds/bull-terrier,3,4,4,5,2,1,4,5,5,5,4,5,3,3,1,5,4,5,2,4,5,4,4,4,1,5,5,4,5,5,5,Terrier Dogs,"1 foot, 9 inches to 1 foot, 10 inches tall at the shoulder",35 to 75 pounds,10 to 15 years,bull terrier,10.0,15.0
Bullador,https://dogtime.com/dog-breeds/bullador,2,2,2,4,2,2,2,4,4,4,4,4,4,4,4,4,3,5,4,4,4,4,2,4,4,3,4,4,4,4,4,Mixed Breed Dogs,17 to 20 inches ,50 to 90 pounds,10 to 12 years ,bullador,10.0,12.0
Bullboxer Pit,https://dogtime.com/dog-breeds/bullboxer-pit,2,1,2,3,2,2,2,3,4,4,2,2,4,4,4,4,4,4,3,4,2,4,4,5,4,3,5,5,5,5,4,Mixed Breed Dogs,16 to 20 inches,50 to 80 pounds,10 to 14 years,bullboxer pit,10.0,14.0
Bulldog,https://dogtime.com/dog-breeds/bulldog,3,5,4,4,3,1,1,4,5,4,2,5,4,3,5,5,4,5,2,2,3,2,2,2,4,1,3,2,3,3,4,Companion Dogs,"1 foot to 1 foot, 3 inches tall at the shoulder",40 to 50 pounds,8 to 12 years,bulldog,8.0,12.0
Bullmastiff,https://dogtime.com/dog-breeds/bullmastiff,3,3,2,4,2,4,2,4,5,5,4,3,4,1,5,5,2,5,5,3,3,3,3,3,4,3,4,2,4,3,5,Working Dogs,24 to 27 inches at the shoulder,100 to 130 pounds,8 to 10 years,bullmastiff,8.0,10.0
Bullmatian,https://dogtime.com/dog-breeds/bullmatian,2,2,1,3,3,2,2,4,4,5,4,3,3,2,3,4,4,4,3,3,1,4,3,3,2,3,4,5,4,4,4,Mixed Breed Dogs,11 to 24 inches,41 to 65 pounds,8 to 12 years,bullmatian,8.0,12.0
Cairn Terrier,https://dogtime.com/dog-breeds/cairn-terrier,4,5,4,3,1,4,4,5,5,5,4,4,3,3,1,5,4,3,1,4,2,5,3,4,4,3,5,5,4,4,5,Terrier Dogs,9 inches to 10 inches tall at the shoulder,13 to 14 pounds,12 to 15 years,cairn terrier,12.0,15.0
Canaan Dog,https://dogtime.com/dog-breeds/canaan-dog,4,4,4,4,3,3,5,3,4,2,3,2,3,4,1,5,5,2,3,3,5,4,3,3,3,2,4,4,3,3,4,Herding Dogs,"1 foot, 7 inches to 2 feet tall at the shoulder",35 to 55 pounds,12 to 15 years,canaan dog,12.0,15.0
Cane Corso,https://dogtime.com/dog-breeds/cane-corso,2,1,1,3,1,3,4,3,4,2,3,2,4,3,4,5,3,4,4,4,4,5,2,5,3,2,4,4,3,5,2,Working Dogs,"1 foot, 11 inches to 2 feet, 3 inches tall at the shoulder",90 to 120 pounds,10 to 12 years,cane corso,10.0,12.0
Cardigan Welsh Corgi,https://dogtime.com/dog-breeds/cardigan-welsh-corgi,4,4,4,4,3,4,3,4,5,4,3,3,3,4,1,3,4,4,2,3,4,5,2,4,2,3,3,3,3,3,4,Herding Dogs,10 inches to 1 foot tall at the shoulder,25 to 38 pounds,12 to 15 years,cardigan welsh corgi,12.0,15.0
Catahoula Bulldog,https://dogtime.com/dog-breeds/catahoula-bulldog,2,1,1,2,3,1,5,3,4,3,2,1,3,1,1,5,4,3,4,3,2,3,4,5,3,3,5,5,5,5,4,Mixed Breed Dogs,24 to 26 inches,75 to 100 pounds,10 to 14 years,catahoula bulldog,10.0,14.0
Catahoula Leopard Dog,https://dogtime.com/dog-breeds/catahoula-leopard-dog,2,1,1,2,2,3,3,3,5,3,1,1,3,3,1,5,3,3,4,3,2,3,3,1,3,3,4,4,3,5,2,Herding Dogs,"1 foot, 8 inches to 2 feet, 2 inches tall at the shoulder",50 to 90 pounds,10 to 14 years,catahoula leopard dog,10.0,14.0
Caucasian Shepherd Dog,https://dogtime.com/dog-breeds/caucasian-shepherd-dog,3,2,1,2,3,5,2,3,4,2,2,2,4,4,4,2,3,4,5,3,2,4,4,3,3,2,3,2,4,2,3,Working Dogs,24 to 34 inches,80 to 220 pounds,10 to 12 years,caucasian shepherd dog,10.0,12.0
Cav-a-Jack,https://dogtime.com/dog-breeds/cav-a-jack,3,4,4,3,1,3,3,4,4,4,4,4,3,2,2,4,3,4,2,4,4,4,3,4,3,3,4,4,3,4,5,Mixed Breed Dogs,10 to 17 inches,13 to 18 pounds,12 to 17 years,cav-a-jack,12.0,17.0
Cavachon,https://dogtime.com/dog-breeds/cavachon,4,5,5,5,1,3,3,5,5,5,5,5,3,2,1,2,4,4,2,3,4,4,3,4,3,2,4,4,3,4,5,Mixed Breed Dogs,12 to 13 inches ,15 to 35 pounds ,10 to 15 years ,cavachon,10.0,15.0
Cavador,https://dogtime.com/dog-breeds/cavador,3,3,5,4,2,3,3,4,5,5,4,3,3,3,2,4,4,4,3,3,4,4,2,3,3,3,4,4,3,4,5,Mixed Breed Dogs,18 to 24 inches,22 to 55 pounds,10 to 14 years,cavador,10.0,14.0
Cavalier King Charles Spaniel,https://dogtime.com/dog-breeds/cavalier-king-charles-spaniel,4,5,5,5,1,3,2,5,5,5,5,5,3,3,1,4,4,4,2,3,4,4,3,3,3,2,4,3,2,4,5,Companion Dogs,12 to 13 inches at the shoulder,13 to 18 pounds,9 to 15 years,cavalier king charles spaniel,9.0,15.0
Cavapoo,https://dogtime.com/dog-breeds/cavapoo,3,3,3,3,2,4,3,5,5,5,4,4,3,2,1,3,3,4,2,3,4,4,3,3,2,3,3,3,2,3,5,Mixed Breed Dogs,9 to 14 inches,9 to 25 pounds,12 to 15 years,cavapoo,12.0,15.0
Cesky Terrier,https://dogtime.com/dog-breeds/cesky-terrier,4,5,4,4,3,3,3,3,5,3,2,3,3,1,1,4,5,4,2,3,4,3,3,2,3,3,3,2,3,3,5,Terrier Dogs,"10 inches to 1 foot, 1 inch tall at the shoulder",13 to 30 pounds,10 to 15 years,cesky terrier,10.0,15.0
Chabrador,https://dogtime.com/dog-breeds/chabrador,3,4,2,4,3,4,1,3,4,4,2,2,4,4,3,4,4,3,3,3,2,4,4,4,3,3,4,3,4,3,4,Mixed Breed Dogs,18 to 24 inches,45 to 80 pounds,9 to 13 years,chabrador,9.0,13.0
Cheagle,https://dogtime.com/dog-breeds/cheagle,3,4,4,4,1,1,2,3,5,3,3,2,3,3,1,5,3,4,2,3,2,4,3,4,4,3,4,4,4,3,4,Mixed Breed Dogs,9 to 14 inches ,9 to 20 pounds ,10 to 14 years ,cheagle,10.0,14.0
Chesapeake Bay Retriever,https://dogtime.com/dog-breeds/chesapeake-bay-retriever,3,1,1,3,2,4,4,3,5,3,1,1,4,5,3,5,4,4,3,3,3,4,3,3,3,4,5,5,5,5,4,Sporting Dogs,"1 foot, 9 inches to 2 feet, 2 inches tall at the shoulder",55 to 80 pounds,10 to 12 years,chesapeake bay retriever,10.0,12.0
Chi Chi,https://dogtime.com/dog-breeds/chi-chi,3,4,2,4,2,2,3,3,3,3,2,3,3,2,1,4,4,4,2,3,3,4,3,3,4,2,4,4,4,3,4,Mixed Breed Dogs,5 to 12 inches,4 to 11 pounds,11 to 20 years,chi chi,11.0,20.0
Chi-Poo,https://dogtime.com/dog-breeds/chi-poo,4,5,5,5,4,2,3,4,5,5,3,3,2,2,1,3,2,3,2,4,5,5,3,3,3,3,3,3,2,2,4,Mixed Breed Dogs,5 to 15 inches ,5 to 20 pounds ,12 to 15 years ,chi-poo,12.0,15.0
Chigi,https://dogtime.com/dog-breeds/chigi,3,3,4,5,2,3,2,4,5,5,2,2,3,4,1,5,3,3,1,3,4,4,2,3,2,3,4,4,4,4,4,Mixed Breed Dogs,7 to 12 inches,10 to 20 pounds,12 to 14 years ,chigi,12.0,14.0
Chihuahua,https://dogtime.com/dog-breeds/chihuahua,3,5,4,5,1,1,2,4,5,5,2,2,2,2,1,5,2,3,1,3,4,4,3,3,3,2,3,3,2,1,4,Companion Dogs,6 inches to 9 inches tall at the shoulder,3 to 6 pounds,10 to 18 years,chihuahua,10.0,18.0
Chilier,https://dogtime.com/dog-breeds/chilier,3,4,2,4,2,2,2,4,4,4,4,3,3,2,3,4,4,3,2,3,2,4,3,3,3,2,4,4,4,3,4,Mixed Breed Dogs,8 to 12 inches,6 to 12 pounds,12 to 16 years,chilier,12.0,16.0
Chinese Crested,https://dogtime.com/dog-breeds/chinese-crested,3,5,3,5,1,1,3,4,4,5,4,4,2,2,1,2,5,2,2,3,4,3,4,3,3,1,2,2,1,2,3,Companion Dogs,"11 inches to 1 foot, 1 inch tall at the shoulder",Up to 12 pounds,10 to 14 years,chinese crested,10.0,14.0
Chinese Shar-Pei,https://dogtime.com/dog-breeds/chinese-shar-pei,3,4,2,2,4,2,1,2,2,2,1,2,3,5,2,5,1,4,3,3,3,2,5,2,5,2,2,2,1,3,1,Working Dogs,"1 foot, 6 inches to 1 foot, 8 inches tall at the shoulder",40 to 55 pounds,8 to 12 years,chinese shar-pei,8.0,12.0
Chinook,https://dogtime.com/dog-breeds/chinook,3,4,1,5,1,5,4,5,5,5,5,4,3,5,1,2,4,3,4,3,4,5,3,2,2,2,3,3,3,3,4,Working Dogs,"1 foot, 9 inches to 2 feet, 3 inches tall at the shoulder",55 to 70 pounds,12 to 15 years,chinook,12.0,15.0
Chion,https://dogtime.com/dog-breeds/chion,3,4,3,3,2,2,3,3,5,3,3,2,3,2,2,3,4,4,2,3,3,3,4,3,4,1,3,4,3,2,4,Mixed Breed Dogs,5 to 11 inches,4 to 11 pounds,10 to 15 years,chion,10.0,15.0
Chipin,https://dogtime.com/dog-breeds/chipin,3,5,4,5,1,1,2,3,5,4,2,2,3,2,1,5,3,4,1,3,4,3,2,3,2,3,4,4,3,2,5,Mixed Breed Dogs,8 to 12 inches ,5 to 15 pounds ,10 to 14 years ,chipin,10.0,14.0
Chiweenie,https://dogtime.com/dog-breeds/chiweenie,3,5,3,4,2,1,4,3,4,2,3,2,3,1,1,5,3,4,1,3,2,4,2,3,5,2,4,4,2,4,5,Mixed Breed Dogs,6 to 10 inches,5 to 12 pounds,12 to 16 years,chiweenie,12.0,16.0
Chorkie,https://dogtime.com/dog-breeds/chorkie,3,5,5,5,1,1,2,3,4,3,3,2,2,2,1,3,3,2,1,3,3,3,2,2,4,2,4,4,3,3,5,Mixed Breed Dogs,6 to 9 inches ,8 to 15 pounds ,12 to 15 years ,chorkie,12.0,15.0
Chow Chow,https://dogtime.com/dog-breeds/chow-chow,3,3,2,2,5,5,2,1,2,1,1,1,3,1,3,1,2,4,4,2,2,1,5,2,1,2,2,2,2,2,1,Working Dogs,"1 foot, 5 inches to 1 foot, 8 inches tall at the shoulder",40 to 70 pounds,12 to 15 years,chow chow,12.0,15.0
Chow Shepherd,https://dogtime.com/dog-breeds/chow-shepherd,3,3,2,4,2,5,4,3,3,3,2,2,3,5,2,1,3,2,4,3,3,3,3,3,2,3,5,5,4,5,4,Mixed Breed Dogs,22 to 26 inches,45 to 90 pounds ,12 to 15 years ,chow shepherd,12.0,15.0
Chug,https://dogtime.com/dog-breeds/chug,3,5,3,3,3,2,3,4,5,4,3,3,3,4,2,4,4,4,1,3,3,3,3,2,2,2,4,4,3,3,4,Mixed Breed Dogs,10 to 14 inches,10 to 20 pounds,10 to 13,chug,10.0,13.0
Chusky,https://dogtime.com/dog-breeds/chusky,3,2,2,3,3,5,2,4,4,4,3,3,3,5,2,2,3,3,3,3,3,4,3,3,4,2,4,4,3,4,4,Mixed Breed Dogs,18 to 23 inches,40 to 65 pounds,10 to 13 years,chusky,10.0,13.0
Cirneco dell’Etna,https://dogtime.com/dog-breeds/cirneco-delletna,3,4,3,3,3,3,3,4,5,5,4,3,3,2,1,4,5,2,3,3,3,3,2,4,3,1,3,4,2,3,4,Companion Dogs,17 to 20 inches,17 to 26 pounds,12 to 14 years,cirneco dell’etna,12.0,14.0
Clumber Spaniel,https://dogtime.com/dog-breeds/clumber-spaniel,4,5,5,4,2,5,2,4,5,3,4,3,4,5,5,1,2,5,3,4,4,3,5,5,1,4,3,3,1,2,5,Sporting Dogs,"1 foot, 5 inches to 1 foot, 8 inches tall at the shoulder",55 to 85 pounds,12 to 12 years,clumber spaniel,12.0,12.0
Cockalier,https://dogtime.com/dog-breeds/cockalier,3,4,4,4,2,2,2,4,5,5,4,3,3,2,1,4,4,3,2,3,4,4,2,3,2,2,4,4,2,4,5,Mixed Breed Dogs,12 to 15 inches,10 to 28 pounds,12 to 15 years,cockalier,12.0,15.0
Cockapoo,https://dogtime.com/dog-breeds/cockapoo,4,4,5,4,3,4,4,5,5,4,5,4,2,1,1,3,2,3,2,3,4,4,2,3,2,3,4,3,3,3,5,Hybrid Dogs,"From 1 foot, 3 inches tall at the shoulder",Starts at 19 pounds,12 to 15 years,cockapoo,12.0,15.0
Cocker Spaniel,https://dogtime.com/dog-breeds/cocker-spaniel,4,5,3,5,1,4,3,4,5,3,4,3,3,3,1,1,4,4,2,4,5,4,4,5,3,4,3,4,2,3,4,Sporting Dogs,"1 foot, 2 inches to 1 foot, 3 inches tall at the shoulder",24 to 28 pounds,12 to 15 years,cocker spaniel,12.0,15.0
Collie,https://dogtime.com/dog-breeds/collie,4,3,4,5,2,4,3,5,5,5,4,4,3,5,1,2,3,3,3,3,4,4,3,4,4,1,3,3,2,3,4,Herding Dogs,"1 foot, 10 inches to 2 feet, 2 inches tall at the shoulder",50 to 70 pounds,10 to 14 years,collie,10.0,14.0
Corgi Inu,https://dogtime.com/dog-breeds/corgi-inu,3,4,3,3,3,4,2,3,3,3,3,2,3,5,2,2,3,3,2,3,4,4,3,3,3,2,4,4,3,4,4,Mixed Breed Dogs,9 to 15 inches,17 to 27 pounds,12 to 15 years,corgi inu,12.0,15.0
Corgidor,https://dogtime.com/dog-breeds/corgidor,3,3,2,4,3,3,3,4,5,4,3,4,4,5,2,4,4,4,3,3,4,5,3,3,2,3,4,5,3,4,5,Mixed Breed Dogs,12 to 23 inches ,40 to 55 pounds ,10 to 15 years ,corgidor,10.0,15.0
Corman Shepherd,https://dogtime.com/dog-breeds/corman-shepherd,3,2,2,3,3,4,3,4,4,4,4,3,3,5,2,3,3,4,3,3,4,5,3,3,3,2,4,4,3,4,4,Mixed Breed Dogs,12 to 15 inches,20 to 70 pounds,10 to 15 years,corman shepherd,10.0,15.0
Coton de Tulear,https://dogtime.com/dog-breeds/coton-de-tulear,4,5,4,5,1,3,3,5,5,5,5,5,2,1,1,2,5,3,1,3,3,4,3,1,2,3,3,3,2,3,5,Companion Dogs,8 inches to 1 foot tall at the shoulder,8 to 13 pounds,Starts at 14 years,coton de tulear,14.0,14.0
Curly-Coated Retriever,https://dogtime.com/dog-breeds/curly-coated-retriever,3,1,3,3,3,4,4,4,5,5,4,3,3,3,2,3,2,3,3,4,4,5,5,5,3,4,4,5,3,4,5,Sporting Dogs,"1 foot, 11 inches to 2 feet, 3 inches tall at the shoulder",65 to 100 pounds,9 to 12 years,curly-coated retriever,9.0,12.0
Dachsador,https://dogtime.com/dog-breeds/dachsador,3,4,2,3,2,3,3,4,4,4,3,4,3,2,1,4,4,4,2,3,3,4,2,4,2,4,4,4,3,4,4,Mixed Breed Dogs,15 to 25 inches,30 to 40 pounds,12 to 14 years,dachsador,12.0,14.0
Dachshund,https://dogtime.com/dog-breeds/dachshund,3,5,4,4,3,1,3,3,4,5,3,1,3,3,1,3,2,5,1,4,2,4,4,5,5,5,3,3,3,3,4,Hound Dogs,8 inches to 9 inches tall at the shoulder,16 to 32 pounds,12 to 15 years,dachshund,12.0,15.0
Dalmatian,https://dogtime.com/dog-breeds/dalmatian,3,2,3,4,3,3,4,4,5,4,4,3,4,5,1,5,4,4,3,3,4,4,2,2,2,4,5,5,4,5,4,Companion Dogs,"1 foot, 7 inches to 2 feet tall at the shoulder",48 to 55 pounds,13 to 16 years,dalmatian,13.0,16.0
Dandie Dinmont Terrier,https://dogtime.com/dog-breeds/dandie-dinmont-terrier,3,4,4,3,2,3,3,4,5,4,3,3,2,3,1,2,3,4,1,3,2,3,3,4,2,3,3,3,3,2,4,Terrier Dogs,8 inches to 11 inches tall at the shoulder,18 to 24 pounds,12 to 15 years,dandie dinmont terrier,12.0,15.0
Daniff,https://dogtime.com/dog-breeds/daniff,3,2,2,3,1,4,3,4,5,4,4,3,3,2,4,1,3,3,5,3,4,4,2,2,1,2,4,3,4,4,4,Mixed Breed Dogs,27 to 33 inches,115 to 190 pounds,8 to 12 years,daniff,8.0,12.0
Deutscher Wachtelhund,https://dogtime.com/dog-breeds/deutscher-wachtelhund,3,3,3,2,2,4,3,4,5,4,4,3,3,3,2,3,5,2,4,3,4,4,3,4,3,2,4,4,3,4,4,Sporting Dogs,18 to 21 inches,40 to 55 pounds,12 to 14 years,deutscher wachtelhund,12.0,14.0
Doberdor,https://dogtime.com/dog-breeds/doberdor,2,1,1,3,2,2,4,3,3,3,3,1,3,1,2,4,4,4,5,3,1,4,3,4,4,4,5,5,4,5,4,Mixed Breed Dogs,24 to 28 inches,60 to 100 pounds,10 to 14 years,doberdor,10.0,14.0
Doberman Pinscher,https://dogtime.com/dog-breeds/doberman-pinscher,3,3,3,5,2,1,4,3,5,3,1,3,4,4,4,5,1,3,4,3,5,5,2,1,1,2,4,3,3,3,5,Working Dogs,24 to 28 inches tall at the shoulder,60 to 80 pounds,10 to 13 years,doberman pinscher,10.0,13.0
Docker,https://dogtime.com/dog-breeds/docker,3,3,2,4,2,3,3,3,5,3,3,2,3,3,2,3,3,3,2,4,3,4,5,5,4,5,3,3,3,3,4,Mixed Breed Dogs,9 to 15 inches ,20 to 30 Pounds ,12 to 14 Years,docker,12.0,14.0
Dogo Argentino,https://dogtime.com/dog-breeds/dogo-argentino,2,1,1,3,2,2,4,3,4,2,2,2,3,1,3,4,3,2,4,3,2,3,2,5,2,4,4,4,4,4,3,Sporting Dogs,23 to 27 inches,80 to 100 pounds,9 to 15 years,dogo argentino,9.0,15.0
Dogue de Bordeaux,https://dogtime.com/dog-breeds/dogue-de-bordeaux,3,5,1,4,2,3,2,3,5,5,1,1,4,3,5,5,2,4,4,3,2,3,4,4,2,1,3,2,2,5,3,Working Dogs,"1 foot, 11 inches to 2 feet, 3 inches tall at the shoulder",Starts at 100 pounds,8 to 12 years,dogue de bordeaux,8.0,12.0
Dorgi,https://dogtime.com/dog-breeds/dorgi,3,4,4,3,1,4,3,4,4,4,4,3,3,2,2,4,4,4,2,3,3,4,4,3,3,3,4,4,4,4,5,Mixed Breed Dogs,9 to12 inches,15 to 28 pounds,12 to 15 years,dorgi,12.0,15.0
Dorkie,https://dogtime.com/dog-breeds/dorkie,3,5,4,4,2,2,2,4,4,4,4,4,2,3,1,2,2,2,1,3,3,4,2,3,2,2,2,2,2,2,3,Mixed Breed Dogs,5 to 10 inches,5 to 12 pounds,13 to 16 years,dorkie,13.0,16.0
Doxiepoo,https://dogtime.com/dog-breeds/doxiepoo,3,5,3,4,2,3,3,3,5,2,1,3,2,3,3,2,4,2,2,4,3,5,3,4,5,4,4,4,4,4,5,Mixed Breed Dogs,8 to 23 inches,5 to 30 pounds,10 to 15 years,doxiepoo,10.0,15.0
Doxle,https://dogtime.com/dog-breeds/doxle,3,2,4,4,1,2,4,5,5,4,5,4,4,5,1,4,4,4,3,4,3,4,3,5,5,5,5,5,4,5,5,Mixed Breed Dogs,5 to 15 inches,11 to 30 pounds,12 to 14 years,doxle,12.0,14.0
Drentsche Patrijshond,https://dogtime.com/dog-breeds/drentsche-patrijshond,3,3,2,4,3,4,3,4,5,4,4,3,3,4,3,3,4,2,3,3,2,4,3,4,2,1,4,5,3,4,4,Working Dogs,21 to 25 inches,40 to 60 pounds,11 to 14 years old,drentsche patrijshond,11.0,14.0
Drever,https://dogtime.com/dog-breeds/drever,3,4,3,2,2,2,3,4,5,5,4,3,3,3,2,3,5,3,3,3,3,4,4,3,4,2,4,5,3,4,4,Hound Dogs,12 to 16 inches,35 to 40 pounds,12 to 15 years,drever,12.0,15.0
Dutch Shepherd,https://dogtime.com/dog-breeds/dutch-shepherd,3,3,3,3,2,4,4,4,4,4,4,2,3,4,2,3,4,2,3,3,5,4,2,3,2,2,4,4,3,4,4,Herding Dogs,21 to 25 inches,50 to 70 pounds,12 to 15 years,dutch shepherd,12.0,15.0
English Cocker Spaniel,https://dogtime.com/dog-breeds/english-cocker-spaniel,4,5,4,5,1,4,3,5,5,5,5,5,3,3,1,3,4,5,2,4,4,5,3,5,4,4,4,5,3,4,5,Sporting Dogs,"1 foot, 3 inches to 1 foot, 5 inches tall at the shoulder",26 to 34 pounds,12 to 14 years,english cocker spaniel,12.0,14.0
English Foxhound,https://dogtime.com/dog-breeds/english-foxhound,3,1,2,3,4,3,3,4,4,4,5,3,3,3,1,5,4,2,3,4,3,3,4,5,4,5,5,5,4,5,5,Hound Dogs,"2 feet, 1 inch to 2 feet, 3 inches tall at the shoulder",55 to 75 pounds,10 to 13 years,english foxhound,10.0,13.0
English Setter,https://dogtime.com/dog-breeds/english-setter,3,1,3,4,1,4,3,5,5,5,5,5,3,3,2,3,3,5,3,4,3,5,4,5,4,5,4,4,2,5,5,Sporting Dogs,"1 foot, 11 inches to 2 feet, 3 inches tall at the shoulder",45 to 80 pounds,11 to 15 years,english setter,11.0,15.0
English Springer Spaniel,https://dogtime.com/dog-breeds/english-springer-spaniel,3,1,3,4,1,3,4,5,5,5,5,4,3,3,1,2,3,3,3,4,5,5,3,5,3,4,5,5,3,5,5,Sporting Dogs,"1 foot, 6 inches to 1 foot, 10 inches tall at the shoulder",45 to 55 pounds,9 to 15 years,english springer spaniel,9.0,15.0
English Toy Spaniel,https://dogtime.com/dog-breeds/english-toy-spaniel,3,4,4,4,1,2,2,4,5,1,4,4,3,5,2,4,2,3,2,3,3,3,4,4,3,2,3,3,3,2,4,Companion Dogs,10 inches to 11 inches tall at the shoulder,8 to 14 pounds,10 to 12 years,english toy spaniel,10.0,12.0
Entlebucher Mountain Dog,https://dogtime.com/dog-breeds/entlebucher-mountain-dog,3,1,2,4,3,4,2,4,5,5,3,2,3,3,1,5,3,3,3,4,3,4,4,4,5,3,5,5,4,5,5,Herding Dogs,"1 foot, 4 inches to 1 foot, 8 inches tall at the shoulder",45 to 65 pounds,10 to 13 years,entlebucher mountain dog,10.0,13.0
Estrela Mountain Dog,https://dogtime.com/dog-breeds/estrela-mountain-dog,3,1,3,2,3,4,3,4,5,5,3,2,3,4,3,2,4,3,4,3,4,5,2,1,3,1,3,3,3,3,3,Herding Dogs,24 to 30 inches,75 to 130 pounds,11 to 15 years,estrela mountain dog,11.0,15.0
Eurasier,https://dogtime.com/dog-breeds/eurasier,3,4,3,2,1,4,3,4,3,5,4,2,3,4,3,3,4,2,4,2,4,4,2,1,2,1,3,3,2,3,3,Companion Dogs,20 to 24 Inches,40 to 71 lbs,12 to 14 years,eurasier,12.0,14.0
Field Spaniel,https://dogtime.com/dog-breeds/field-spaniel,3,1,3,4,1,3,4,5,5,5,4,4,3,3,1,4,3,4,2,4,5,5,3,4,2,5,5,5,3,5,5,Sporting Dogs,"1 foot, 4 inches to 1 foot, 7 inches tall at the shoulder",37 to 45 pounds,10 to 12 years,field spaniel,10.0,12.0
Finnish Lapphund,https://dogtime.com/dog-breeds/finnish-lapphund,4,4,4,4,2,5,2,5,5,5,5,4,3,3,1,4,4,4,3,4,5,5,4,4,3,4,5,5,5,4,5,Herding Dogs,"1 foot, 5 inches to 1 foot, 8 inches tall at the shoulder",33 to 53 pounds,12 to 15 years,finnish lapphund,12.0,15.0
Finnish Spitz,https://dogtime.com/dog-breeds/finnish-spitz,3,3,3,3,1,5,3,5,5,5,5,3,3,4,1,2,4,3,3,4,3,4,3,3,5,4,5,5,4,5,5,Sporting Dogs,"1 foot, 3 inches to 1 foot, 8 inches tall at the shoulder",20 to 35 pounds,12 to 15 years,finnish spitz,12.0,15.0
Flat-Coated Retriever,https://dogtime.com/dog-breeds/flat-coated-retriever,3,1,2,5,1,4,4,5,5,5,5,5,3,3,2,4,4,4,3,4,4,5,3,3,4,4,5,5,4,5,5,Sporting Dogs,"1 foot, 10 inches to 2 feet tall at the shoulder",55 to 70 pounds,10 to 12 years,flat-coated retriever,10.0,12.0
Fox Terrier,https://dogtime.com/dog-breeds/fox-terrier,3,3,3,3,3,3,4,4,4,4,3,3,2,2,1,2,4,2,2,4,5,5,3,5,3,3,5,5,5,5,5,Terrier Dogs,"Up to 1 foot, 3 inches tall at the shoulder",15 to 19 pounds,10 to 15 years,fox terrier,10.0,15.0
French Bulldog,https://dogtime.com/dog-breeds/french-bulldog,3,5,5,3,1,2,1,4,5,4,4,4,3,3,1,5,2,4,2,3,4,3,3,2,3,2,4,3,4,2,5,Companion Dogs,11 inches to 1 foot tall at the shoulder,16 to 28 pounds,11 to 14 years,french bulldog,11.0,14.0
French Spaniel,https://dogtime.com/dog-breeds/french-spaniel,3,2,4,4,3,4,2,4,5,4,4,4,3,3,2,3,4,2,3,3,4,4,2,3,2,2,4,5,3,4,4,Sporting Dogs,21 to 24 inches.,45 to 60 pounds.,10 to 12 years.,french spaniel,10.0,12.0
Frenchton,https://dogtime.com/dog-breeds/frenchton,4,5,5,3,2,3,3,5,5,5,5,5,3,4,3,5,4,2,2,3,4,4,2,2,3,3,4,3,3,3,5,Mixed Breed Dogs,11 to 14 inches,15 to 25 pounds,12 to 15 years,frenchton,12.0,15.0
Frengle,https://dogtime.com/dog-breeds/frengle,3,4,4,4,3,2,2,5,5,5,4,4,3,3,1,5,4,4,3,3,3,4,3,3,2,3,4,4,3,4,5,Mixed Breed Dogs,8 to 15 inches,18 to 30 pounds,10 to 15 years,frengle,10.0,15.0
German Pinscher,https://dogtime.com/dog-breeds/german-pinscher,3,3,3,4,3,3,4,3,5,3,2,2,3,3,1,5,4,3,3,4,4,5,3,5,3,4,5,5,3,5,5,Working Dogs,17 to 20 inches tall at the shoulder,25 to 45 pounds,12 to 14 years,german pinscher,12.0,14.0
German Shepherd Dog,https://dogtime.com/dog-breeds/german-shepherd-dog,3,3,2,5,2,4,3,4,5,5,2,4,4,5,1,5,4,2,4,4,5,5,5,4,4,2,5,5,5,5,5,Herding Dogs,"1 foot, 10 inches to 2 feet, 2 inches tall at the shoulder",75 to 95 pounds,10 to 14 years,german shepherd dog,10.0,14.0
German Shepherd Pit Bull,https://dogtime.com/dog-breeds/german-shepherd-pit-bull,2,1,1,4,1,3,3,5,5,5,4,4,4,5,1,5,4,4,4,4,5,5,5,4,4,3,5,5,5,5,5,Mixed Breed Dogs,17 to 26 inches ,30 to 90 pounds ,10 to 12 years ,german shepherd pit bull,10.0,12.0
German Sheprador,https://dogtime.com/dog-breeds/german-sheprador,3,2,1,5,2,4,4,5,5,5,4,4,4,5,2,5,3,3,4,4,5,5,5,3,2,2,5,5,5,5,5,Mixed Breed Dogs,20 to 27 inches ,60 to 95 pounds ,10 to 12 years ,german sheprador,10.0,12.0
German Shorthaired Pointer,https://dogtime.com/dog-breeds/german-shorthaired-pointer,2,1,2,4,1,2,4,4,5,5,4,3,3,2,2,5,3,3,3,5,5,5,4,5,3,5,5,5,3,5,5,Sporting Dogs,"1 foot, 9 inches to 2 feet, 1 inch tall at the shoulder",45 to 70 pounds,12 to 15 years,german shorthaired pointer,12.0,15.0
German Spitz,https://dogtime.com/dog-breeds/german-spitz,3,4,2,3,3,3,2,4,5,4,3,3,3,4,1,2,4,4,1,4,2,4,4,5,4,2,4,5,3,4,4,Companion Dogs,12 to 15 inches,21 to 29 pounds,13 to 15 years,german spitz,13.0,15.0
German Wirehaired Pointer,https://dogtime.com/dog-breeds/german-wirehaired-pointer,3,2,3,4,2,3,4,3,5,3,3,2,3,2,2,4,4,3,4,4,4,5,4,4,3,5,5,5,4,5,5,Sporting Dogs,"1 foot, 10 inches to 2 feet, 2 inches tall at the shoulder",60 to 70 pounds,12 to 14 years,german wirehaired pointer,12.0,14.0
Giant Schnauzer,https://dogtime.com/dog-breeds/giant-schnauzer,2,1,1,4,2,4,2,3,5,3,3,2,3,4,1,2,4,3,4,4,5,4,3,4,4,4,4,5,2,5,5,Working Dogs,23 to 27 inches tall at the shoulder,55 to 80 pounds,10 to 12 years,giant schnauzer,10.0,12.0
Glen of Imaal Terrier,https://dogtime.com/dog-breeds/glen-of-imaal-terrier,3,4,2,3,3,3,4,4,5,5,2,3,3,1,1,5,5,3,1,4,4,4,3,5,4,3,4,4,5,4,4,Terrier Dogs,"1 foot to 1 foot, 2 inches tall at the shoulder",Up to 35 pounds,12 to 15 years,glen of imaal terrier,12.0,15.0
Goberian,https://dogtime.com/dog-breeds/goberian,3,1,2,3,2,5,2,4,4,4,4,2,3,2,1,5,4,4,4,3,2,5,3,4,2,4,5,5,4,5,4,Mixed Breed Dogs,20 to 24 inches,45 to 90 pounds,10 to 15 years,goberian,10.0,15.0
Goldador,https://dogtime.com/dog-breeds/goldador,4,2,4,3,4,5,4,5,5,5,5,5,3,3,2,4,4,3,4,3,4,5,2,1,1,4,5,5,5,5,5,Hybrid Dogs,"1 foot, 10 inches to 2 feet tall at the shoulder",60 to 80 pounds,10 to 15 years,goldador,10.0,15.0
Golden Cocker Retriever,https://dogtime.com/dog-breeds/golden-cocker-retriever,3,1,4,4,1,2,4,4,5,4,4,3,3,4,1,4,4,4,3,3,4,4,2,2,3,4,4,5,2,4,5,Mixed Breed Dogs,20 to 24 inches,30 to 45 pounds,12 to 15 years,golden cocker retriever,12.0,15.0
Golden Mountain Dog,https://dogtime.com/dog-breeds/golden-mountain-dog,2,1,2,2,2,5,1,4,5,5,4,3,4,4,4,2,3,4,5,3,4,4,2,2,3,4,4,4,2,5,5,Mixed Breed Dogs,24 to 28 inches,75 to 120 pounds,9 to 15 years,golden mountain dog,9.0,15.0
Golden Retriever,https://dogtime.com/dog-breeds/golden-retriever,3,2,3,5,1,3,3,5,5,5,5,5,4,5,4,2,2,5,3,4,5,5,5,3,3,2,4,5,2,5,5,Sporting Dogs,"1 foot, 9 inches to 2 feet tall at the shoulder",55 to 75 pounds,10 to 12 years,golden retriever,10.0,12.0
Golden Retriever Corgi,https://dogtime.com/dog-breeds/golden-retriever-corgi,3,3,4,3,3,3,3,5,5,5,4,4,3,4,3,3,3,4,3,3,4,4,3,2,3,2,4,4,3,3,5,Mixed Breed Dogs,10 to 18 inches,30 to 75 pounds,10 to 13 years,golden retriever corgi,10.0,13.0
Golden Shepherd,https://dogtime.com/dog-breeds/golden-shepherd,3,2,2,5,1,5,4,5,5,5,3,5,3,5,2,2,3,3,5,4,5,5,5,3,3,2,5,5,3,5,5,Mixed Breed Dogs,20 to 26 inches,55 to 85 pounds ,10 to 14 years,golden shepherd,10.0,14.0
Goldendoodle,https://dogtime.com/dog-breeds/goldendoodle,3,1,4,4,3,3,3,5,5,5,5,4,3,2,1,4,3,3,4,3,4,5,1,1,3,3,4,4,3,5,5,Hybrid Dogs,"1 foot, 8 inches to 2 feet tall at the shoulder",50 to 90 pounds,10 to 15 years,goldendoodle,10.0,15.0
Gollie,https://dogtime.com/dog-breeds/gollie,3,1,4,3,2,3,3,5,5,5,4,4,3,4,2,3,3,4,3,3,4,4,2,2,2,4,4,5,3,4,5,Mixed Breed Dogs,22 to 26 inches,50 to 75 pounds,12 to 15 years,gollie,12.0,15.0
Gordon Setter,https://dogtime.com/dog-breeds/gordon-setter,3,2,3,4,1,4,3,3,5,3,2,3,3,5,3,2,4,3,3,4,5,5,3,4,5,4,4,5,2,5,5,Sporting Dogs,"1 foot, 11 inches to 2 feet, 3 inches tall at the shoulder",45 to 80 pounds,10 to 12 years,gordon setter,10.0,12.0
Great Dane,https://dogtime.com/dog-breeds/great-dane,2,1,1,5,1,2,3,5,5,5,5,5,4,5,4,5,4,2,5,3,5,3,2,3,4,3,5,5,5,5,5,Working Dogs,26 to 34 inches tall at the shoulder,100 to 200 pounds,7 to 10 years,great dane,7.0,10.0
Great Pyrenees,https://dogtime.com/dog-breeds/great-pyrenees,3,1,1,4,3,5,3,4,5,4,4,3,4,5,2,4,2,4,5,4,1,4,2,5,5,5,5,5,5,5,4,Working Dogs,"2 feet, 1 inch to 2 feet, 8 inches tall at the shoulder",85 to 160 pounds,10 to 12 years,great pyrenees,10.0,12.0
Greater Swiss Mountain Dog,https://dogtime.com/dog-breeds/greater-swiss-mountain-dog,3,1,2,4,3,5,1,5,5,5,5,3,3,3,1,5,2,4,5,3,3,3,3,4,4,3,4,5,4,3,5,Working Dogs,23 to 28 inches tall at the shoulder,85 to 140 pounds,7 to 9 years,greater swiss mountain dog,7.0,9.0
Greyador,https://dogtime.com/dog-breeds/greyador,3,3,2,5,1,1,3,5,5,5,5,5,5,5,4,5,4,5,4,4,3,5,5,4,4,4,4,4,4,4,4,Mixed Breed Dogs,21 to 27 inches,50 to 80 pounds ,11 to 13 years,greyador,11.0,13.0
Greyhound,https://dogtime.com/dog-breeds/greyhound,3,4,2,5,1,1,5,5,5,5,4,5,5,4,5,5,4,5,4,4,5,5,4,5,2,5,4,5,3,5,4,Hound Dogs,"2 feet, 1 inch to 2 feet, 6 inches tall at the shoulder",50 to 85 pounds,12 to 15 years,greyhound,12.0,15.0
Hamiltonstovare,https://dogtime.com/dog-breeds/hamiltonstovare,3,3,2,4,3,3,3,4,5,4,3,3,3,1,1,4,4,3,3,3,3,4,2,5,3,2,4,5,3,4,4,Hound Dogs,19 to 24 inches,40 to 75 pounds,14 to 17 years,hamiltonstovare,14.0,17.0
Hanoverian Scenthound,https://dogtime.com/dog-breeds/hanoverian-scenthound,3,2,1,4,3,3,3,4,5,5,4,3,3,2,1,4,4,3,4,3,2,4,2,4,3,2,4,4,3,4,4,Working Dogs,19 to 22 inches,80 to 100 pounds,12 to 14 years,hanoverian scenthound,12.0,14.0
Harrier,https://dogtime.com/dog-breeds/harrier,3,1,3,2,3,3,4,5,4,5,5,5,3,3,1,5,5,3,3,4,2,4,3,4,4,5,5,5,4,5,5,Hound Dogs,"1 foot, 7 inches to 1 foot, 9 inches tall at the shoulder",45 to 60 pounds,10 to 12 years,harrier,10.0,12.0
Havanese,https://dogtime.com/dog-breeds/havanese,4,5,5,4,1,3,4,5,5,4,5,5,2,2,1,1,3,4,2,3,5,4,3,4,2,2,3,3,2,3,5,Companion Dogs,8 inches to 11 inches tall at the shoulder,7 to 13 pounds,12 to 15 years,havanese,12.0,15.0
Hokkaido,https://dogtime.com/dog-breeds/hokkaido,3,3,2,2,3,5,2,4,4,4,3,3,3,4,2,1,5,3,3,3,3,4,3,4,3,3,3,3,2,3,3,Working Dogs,18 to 22 Inches,45 to 65 Pounds,11 to 13 Years,hokkaido,11.0,13.0
Horgi,https://dogtime.com/dog-breeds/horgi,3,2,2,4,2,4,3,5,5,5,4,5,3,4,2,3,3,3,2,4,4,4,4,4,3,3,4,4,3,4,4,Mixed Breed Dogs,12 to 15 inches ,20 to 50 pounds,12 to 15 years ,horgi,12.0,15.0
Huskita,https://dogtime.com/dog-breeds/huskita,3,2,1,4,1,5,3,3,5,2,2,3,3,4,3,1,4,3,4,4,2,3,3,4,5,5,5,4,4,5,5,Mixed Breed Dogs,22 to 25 inches ,50 to 75 pounds ,10 to 13 years,huskita,10.0,13.0
Huskydoodle,https://dogtime.com/dog-breeds/huskydoodle,3,2,2,3,2,4,3,4,4,4,4,3,3,3,2,3,4,4,3,3,3,5,3,4,2,2,5,5,4,5,4,Mixed Breed Dogs,12 to 25 inches,40 to 60 pounds,10 to 14 years,huskydoodle,10.0,14.0
Ibizan Hound,https://dogtime.com/dog-breeds/ibizan-hound,3,5,3,4,2,1,4,5,5,5,5,4,3,3,1,5,4,1,3,4,3,4,3,5,2,5,5,5,3,5,5,Hound Dogs,"1 foot, 10 inches to 2 feet, 3 inches tall at the shoulder",45 to 50 pounds,10 to 14 years,ibizan hound,10.0,14.0
Icelandic Sheepdog,https://dogtime.com/dog-breeds/icelandic-sheepdog,3,1,1,3,2,5,3,3,4,4,2,2,3,5,1,1,3,3,3,3,3,4,3,4,1,4,4,4,5,4,4,Herding Dogs,"1 foot, 4 inches to 1 foot, 6 inches tall at the shoulder",20 to 30 pounds,14 to 15 years,icelandic sheepdog,14.0,15.0
Irish Red and White Setter,https://dogtime.com/dog-breeds/irish-red-and-white-setter,3,1,3,4,1,4,3,4,5,4,4,4,2,3,1,3,2,2,3,4,4,4,4,3,3,4,5,5,5,5,5,Sporting Dogs,"1 foot, 10 inches to 2 feet, 2 inches tall at the shoulder",50 to 70 pounds,10 to 14 years,irish red and white setter,10.0,14.0
Irish Setter,https://dogtime.com/dog-breeds/irish-setter,3,1,3,4,2,4,3,5,5,5,5,5,3,4,2,3,2,3,4,5,4,5,5,5,4,5,5,5,3,5,5,Sporting Dogs,"2 feet, 1 inch to 2 feet, 3 inches tall at the shoulder",60 to 70 pounds,11 to 15 years,irish setter,11.0,15.0
Irish Terrier,https://dogtime.com/dog-breeds/irish-terrier,3,3,2,3,2,4,4,4,5,5,1,3,3,4,1,2,5,3,3,3,1,4,1,2,4,3,5,5,4,4,5,Terrier Dogs,"1 foot, 6 inches to 1 foot, 8 inches tall at the shoulder",25 to 27 pounds,12 to 16 years,irish terrier,12.0,16.0
Irish Water Spaniel,https://dogtime.com/dog-breeds/irish-water-spaniel,3,3,2,4,3,4,4,5,5,5,4,5,2,1,2,3,2,3,3,4,5,4,3,5,4,3,4,5,3,5,4,Sporting Dogs,"1 foot, 9 inches to 2 feet tall at the shoulder",45 to 65 pounds,10 to 12 years,irish water spaniel,10.0,12.0
Irish Wolfhound,https://dogtime.com/dog-breeds/irish-wolfhound,2,1,2,3,2,4,2,5,5,5,5,5,3,3,1,3,1,3,5,3,3,4,3,5,1,3,3,2,2,4,4,Hound Dogs,"2 feet, 8 inches to 2 feet, 11 inches tall at the shoulder",115 to 180 pounds,6 to 8 years,irish wolfhound,6.0,8.0
Italian Greyhound,https://dogtime.com/dog-breeds/italian-greyhound,3,5,5,5,1,1,3,5,5,5,4,4,3,2,1,5,3,2,2,4,3,3,4,5,3,3,4,4,2,4,4,Companion Dogs,"1 foot, 1 inch to 1 foot, 3 inches tall at the shoulder",6 to 15 pounds,14 to 15 years,italian greyhound,14.0,15.0
Jack-A-Poo,https://dogtime.com/dog-breeds/jack-a-poo,4,4,4,4,2,4,4,5,5,5,5,4,2,2,1,2,3,4,2,4,4,5,4,4,3,4,5,5,4,5,5,Mixed Breed Dogs,10 to 16 inches,13 to 25 pounds,12 to 15 years,jack-a-poo,12.0,15.0
Jack Chi,https://dogtime.com/dog-breeds/jack-chi,3,4,2,3,3,2,4,4,4,5,4,3,3,2,2,5,4,4,2,3,2,4,2,4,2,4,4,4,4,4,5,Mixed Breed Dogs,12 to 15 inches,8 to 18 pounds,13 to 18 years,jack chi,13.0,18.0
Jack Russell Terrier,https://dogtime.com/dog-breeds/jack-russell-terrier,3,3,2,3,3,4,3,5,5,4,5,4,3,3,1,3,4,4,2,4,4,5,4,5,4,4,5,5,5,5,5,Terrier Dogs,"10 inches to 1 foot, 3 inches tall at the shoulder",13 to 17 pounds,10 to 15 years,jack russell terrier,10.0,15.0
Japanese Chin,https://dogtime.com/dog-breeds/japanese-chin,3,5,4,3,1,3,2,3,3,3,3,4,2,3,1,3,3,3,1,3,3,3,4,3,3,1,2,2,1,2,4,Companion Dogs,8 inches to 11 inches tall at the shoulder,4 to 9 pounds,10 to 14 years,japanese chin,10.0,14.0
Japanese Spitz,https://dogtime.com/dog-breeds/japanese-spitz,3,4,4,3,2,4,3,4,4,5,4,2,3,3,1,4,3,2,2,3,4,4,2,2,4,2,3,3,2,3,4,Companion Dogs,10 to 16 inches,11 to 20 pounds,10 to 16 years,japanese spitz,10.0,16.0
Korean Jindo Dog,https://dogtime.com/dog-breeds/jindo,3,3,2,3,2,5,2,4,5,3,3,4,3,5,1,1,4,2,3,3,2,5,2,5,5,5,4,4,4,5,4,Sporting Dogs,19½ to 21 inches for males and 18½ to 20 inches for females,35 - 60 pounds,12 - 15 years,korean jindo dog,12.0,15.0
Karelian Bear Dog,https://dogtime.com/dog-breeds/karelian-bear-dog,3,2,1,4,2,5,3,3,4,3,1,2,3,3,1,4,4,2,3,4,2,4,4,5,4,5,4,4,5,4,4,Working Dogs,19 to 24 inches,44 to 50 pounds,10 to 13 years,karelian bear dog,10.0,13.0
Keeshond,https://dogtime.com/dog-breeds/keeshond,4,4,4,5,1,5,3,5,5,5,4,4,3,5,1,3,3,4,3,3,4,4,3,3,4,2,4,4,3,3,5,Companion Dogs,"1 foot, 4 inches to 1 foot, 7 inches tall at the shoulder",35 to 45 pounds,12 to 15 years,keeshond,12.0,15.0
Kerry Blue Terrier,https://dogtime.com/dog-breeds/kerry-blue-terrier,3,3,2,3,3,4,3,4,4,4,2,5,2,1,1,2,3,3,3,4,4,4,4,3,4,3,4,4,4,5,4,Terrier Dogs,"1 foot, 5 inches to 1 foot, 7 inches tall at the shoulder",33 to 40 pounds,12 to 15 years,kerry blue terrier,12.0,15.0
Komondor,https://dogtime.com/dog-breeds/komondor,3,2,1,4,1,4,3,3,5,3,1,1,3,3,2,2,2,3,4,4,4,4,3,2,5,4,3,2,1,4,4,Working Dogs,25 to 27 inches tall at the shoulder,80 to 100 pounds,10 to 12 years,komondor,10.0,12.0
Kooikerhondje,https://dogtime.com/dog-breeds/kooikerhondje,3,4,3,4,2,4,3,2,3,2,2,2,3,3,1,2,5,3,3,3,1,4,3,3,3,3,5,4,5,5,4,Sporting Dogs,"1 foot, 2 inches to 1 foot, 4 inches tall at the shoulder",20 to 25 pounds,12 to 14 years,kooikerhondje,12.0,14.0
Kuvasz,https://dogtime.com/dog-breeds/kuvasz,3,1,1,5,1,5,2,2,5,1,2,1,4,4,3,4,4,4,5,2,2,4,1,1,3,3,4,4,4,5,4,Working Dogs,26 to 30 inches tall at the shoulder,70 to 115 pounds,10 to 12 years,kuvasz,10.0,12.0
Kyi-Leo,https://dogtime.com/dog-breeds/kyi-leo,4,5,4,3,4,5,2,4,5,5,4,3,2,2,1,2,3,3,2,3,3,3,4,1,4,2,3,4,3,2,4,Mixed Breed Dogs,8 to 12 inches,8 to 14 pounds,13 to 15 years,kyi-leo,13.0,15.0
Lab Pointer,https://dogtime.com/dog-breeds/lab-pointer,3,1,4,3,1,4,4,4,5,4,3,4,3,2,2,4,4,4,4,4,5,4,2,4,2,4,4,5,3,5,4,Mixed Breed Dogs,22 to 28 inches,35 to 80 pounds,10 to 15 years,lab pointer,10.0,15.0
Labernese,https://dogtime.com/dog-breeds/labernese,3,2,4,4,1,4,2,4,4,5,4,3,3,4,3,3,2,4,4,3,3,4,3,3,2,4,4,4,2,4,5,Mixed Breed Dogs,24 to 28 inches,65 to 110 pounds,6 to 12 years,labernese,6.0,12.0
Labmaraner,https://dogtime.com/dog-breeds/labmaraner,3,1,4,4,1,3,3,4,4,5,4,3,3,1,2,4,4,4,4,4,4,4,3,3,3,4,4,4,3,5,5,Mixed Breed Dogs,21 to 24 inches,60 to 100 pounds,10 to 12 years,labmaraner,10.0,12.0
Labrabull,https://dogtime.com/dog-breeds/labrabull,3,2,2,4,1,3,3,4,5,5,2,5,4,5,2,5,3,3,4,4,5,5,5,3,3,4,5,5,5,4,5,Mixed Breed Dogs,20 to 24 inches ,45 to 90 pounds ,10 to 14 years ,labrabull,10.0,14.0
Labradane,https://dogtime.com/dog-breeds/labradane,3,1,2,3,2,4,4,4,5,5,4,3,4,2,3,4,4,4,5,3,3,4,2,3,1,3,4,4,2,4,5,Mixed Breed Dogs,24 to 30 inches,100 to 180 pounds,8 to 12 years,labradane,8.0,12.0
Labradoodle,https://dogtime.com/dog-breeds/labradoodle,4,3,4,3,4,5,4,5,5,4,5,5,3,3,1,4,4,3,4,3,4,4,1,2,2,3,5,5,4,5,5,Hybrid Dogs,21 to 24 inches at the shoulder,50 to 65 pounds,12 to 14 years,labradoodle,12.0,14.0
Labrador Retriever,https://dogtime.com/dog-breeds/labrador-retriever,3,1,3,5,2,3,3,5,5,5,5,5,4,5,3,5,3,5,4,4,5,5,5,2,4,3,5,5,5,5,5,Sporting Dogs,21 to 24 inches at the shoulder,55 to 80 pounds,10 to 12 years,labrador retriever,10.0,12.0
Labrastaff,https://dogtime.com/dog-breeds/labrastaff,3,2,2,4,1,3,3,4,4,4,3,4,4,4,3,3,4,4,4,3,2,4,3,3,3,4,4,4,3,4,4,Mixed Breed Dogs,17 to 24 inches,40 to 80 pounds,10 to 14 years,labrastaff,10.0,14.0
Labsky,https://dogtime.com/dog-breeds/labsky,2,2,2,2,2,5,1,4,5,4,3,3,3,4,2,2,3,4,4,4,4,5,3,4,4,4,5,5,4,5,5,Mixed Breed Dogs,20 to 28 inches,40 to 60 pounds,10 to 12 years,labsky,10.0,12.0
Lagotto Romagnolo,https://dogtime.com/dog-breeds/lagotto-romagnolo,3,2,4,3,3,4,3,3,3,3,3,3,2,1,2,1,4,3,2,3,4,4,2,4,3,3,4,4,2,4,4,Sporting Dogs,14 to 19 inches,24 to 35 pounds,14 to 17 years,lagotto romagnolo,14.0,17.0
Lakeland Terrier,https://dogtime.com/dog-breeds/lakeland-terrier,3,4,3,3,2,4,4,4,5,4,3,3,3,2,1,2,5,3,2,3,2,4,1,4,2,3,4,5,4,4,4,Terrier Dogs,"1 foot, 1 inch to 1 foot, 2 inches tall at the shoulder",15 to 17 pounds,12 to 15 years,lakeland terrier,12.0,15.0
Lancashire Heeler,https://dogtime.com/dog-breeds/lancashire-heeler,3,2,2,3,3,3,3,3,4,3,3,2,3,3,1,4,4,4,1,3,3,4,2,2,2,4,4,4,4,3,4,Herding Dogs,10 inches to 1 foot tall at the shoulder,13 to 15 pounds,9 to 14 years,lancashire heeler,9.0,14.0
Leonberger,https://dogtime.com/dog-breeds/leonberger,2,1,1,4,2,5,1,4,5,4,3,2,4,5,3,4,1,4,5,3,2,3,4,4,3,2,4,4,4,4,4,Working Dogs,"2 feet, 1 inch to 2 feet, 7 inches tall at the shoulder",120 to 170 pounds,10 to 12 years,leonberger,10.0,12.0
Lhasa Apso,https://dogtime.com/dog-breeds/lhasa-apso,4,5,5,5,4,3,2,3,4,4,3,2,2,3,1,1,3,3,1,3,3,4,3,4,4,2,4,4,3,3,5,Companion Dogs,9 inches to 11 inches tall at the shoulder,12 to 15 pounds,12 to 15 years,lhasa apso,12.0,15.0
Lhasapoo,https://dogtime.com/dog-breeds/lhasapoo,3,4,2,4,2,3,3,3,4,3,3,1,3,1,1,3,4,3,3,3,3,5,2,2,4,2,4,4,4,3,4,Mixed Breed Dogs,9 to 13 inches,10 to 15 pounds,10 to 15 years,lhasapoo,10.0,15.0
Lowchen,https://dogtime.com/dog-breeds/lowchen,3,5,4,3,1,3,3,5,5,5,4,4,3,3,1,3,5,3,1,4,5,4,3,4,4,5,4,4,3,4,5,Companion Dogs,"1 foot to 1 foot, 2 inches tall at the shoulder",9 to 18 pounds,13 to 15 years,lowchen,13.0,15.0
Maltese,https://dogtime.com/dog-breeds/maltese,3,5,5,4,1,1,3,4,5,3,4,2,2,2,1,2,3,3,1,3,4,4,3,4,2,1,3,3,3,2,4,Companion Dogs,8 inches to 10 inches tall at the shoulder,Up to 7 pounds,12 to 15 years,maltese,12.0,15.0
Maltese Shih Tzu,https://dogtime.com/dog-breeds/maltese-shih-tzu,3,5,5,3,3,2,2,3,4,3,3,3,2,1,1,2,2,3,1,4,4,3,4,5,4,1,3,3,2,3,3,Hybrid Dogs,From 10 inches tall at the shoulder,6 to 12 pounds,12 to 14 years,maltese shih tzu,12.0,14.0
Maltipoo,https://dogtime.com/dog-breeds/maltipoo,4,5,5,5,1,2,3,4,5,4,4,4,2,1,1,3,2,2,2,4,5,4,3,2,5,4,3,3,3,2,4,Hybrid Dogs,"8 inches to 1 foot, 2 inches tall at the shoulder",5 to 20 pounds,10 to 13 years,maltipoo,10.0,13.0
Manchester Terrier,https://dogtime.com/dog-breeds/manchester-terrier,3,5,3,3,3,1,3,3,4,3,3,3,3,3,1,5,2,4,2,3,2,4,2,4,4,4,4,4,4,4,4,Terrier Dogs,"1 foot, 3 inches to 1 foot, 4 inches tall at the shoulder",12 to 22 pounds,14 to 16 years,manchester terrier,14.0,16.0
Mastador,https://dogtime.com/dog-breeds/mastador,3,1,2,4,3,4,2,4,5,5,3,3,4,4,4,4,4,4,4,3,4,4,4,2,2,2,4,4,4,4,4,Mixed Breed Dogs,28 to 36 inches,85 to 160 pounds ,10 to 12 years ,mastador,10.0,12.0
Mastiff,https://dogtime.com/dog-breeds/mastiff,2,2,1,3,3,4,1,4,5,5,2,2,4,3,5,3,3,4,5,2,3,2,4,2,2,1,4,3,3,4,4,Working Dogs,27 to 32 inches tall at the shoulder,130 to 220 pounds,6 to 10 years,mastiff,6.0,10.0
Miniature Pinscher,https://dogtime.com/dog-breeds/miniature-pinscher,3,5,3,5,2,1,3,3,5,3,2,3,3,2,1,5,3,5,1,3,3,3,2,3,1,5,4,4,3,4,5,Companion Dogs,10 inches to 1 foot tall at the shoulder,8 to 11 pounds,10 to 14 years,miniature pinscher,10.0,14.0
Miniature Schnauzer,https://dogtime.com/dog-breeds/miniature-schnauzer,4,4,3,4,5,4,4,4,5,3,3,3,2,2,1,2,3,4,2,4,5,4,2,4,3,3,4,5,3,5,4,Terrier Dogs,"1 foot to 1 foot, 2 inches tall at the shoulder",11 to 20 pounds,12 to 14 years,miniature schnauzer,12.0,14.0
Morkie,https://dogtime.com/dog-breeds/morkie,3,3,2,3,2,2,3,3,4,3,2,3,2,1,1,3,4,4,1,4,3,4,5,3,5,2,4,4,3,4,5,Mixed Breed Dogs,4 to 8 inches,7 to 13 pounds,10 to 14 years,morkie,10.0,14.0
Mudi,https://dogtime.com/dog-breeds/mudi,3,2,4,4,2,3,3,3,4,2,2,2,3,3,1,4,4,2,2,4,5,4,3,4,4,4,4,4,2,4,4,Herding Dogs,14 to 20 inches,18 to 29 pounds,12 to 14 years,mudi,12.0,14.0
Mutt,https://dogtime.com/dog-breeds/mutt,3,3,3,3,3,3,3,3,4,3,3,3,3,3,3,3,4,3,3,3,4,4,3,3,3,3,3,3,3,3,3,Mixed Breed Dogs,,,8 to 15 years,mutt,8.0,15.0
Neapolitan Mastiff,https://dogtime.com/dog-breeds/neapolitan-mastiff,2,2,1,4,1,1,2,3,5,4,2,1,4,3,5,3,2,5,5,2,3,3,2,1,1,1,3,3,1,3,4,Working Dogs,24 to 31 inches tall at the shoulder,120 to 200 pounds,8 to 10 years,neapolitan mastiff,8.0,10.0
Newfoundland,https://dogtime.com/dog-breeds/newfoundland,3,1,3,4,1,5,2,5,5,5,4,4,4,5,5,2,1,4,5,4,5,4,3,4,4,3,3,3,1,3,4,Working Dogs,"2 feet, 1 inch to 2 feet, 5 inches tall at the shoulder",100 to 150 pounds,8 to 10 years,newfoundland,8.0,10.0
Norfolk Terrier,https://dogtime.com/dog-breeds/norfolk-terrier,4,4,5,4,3,4,4,5,5,4,5,4,3,1,1,4,5,5,1,3,5,4,2,1,3,4,4,4,4,4,5,Terrier Dogs,9 inches to 10 inches tall at the shoulder,11 to 12 pounds,12 to 15 years,norfolk terrier,12.0,15.0
Norwegian Buhund,https://dogtime.com/dog-breeds/norwegian-buhund,3,3,3,3,4,5,2,4,5,5,3,3,3,3,1,2,4,3,3,3,4,3,3,2,4,4,5,4,4,5,5,Herding Dogs,"1 foot, 4 inches to 1 foot, 6 inches tall at the shoulder",26 to 40 pounds,12 to 15 years,norwegian buhund,12.0,15.0
Norwegian Elkhound,https://dogtime.com/dog-breeds/norwegian-elkhound,4,4,4,4,2,5,3,4,5,4,4,4,3,5,1,3,4,4,3,4,2,4,3,4,4,4,4,5,3,5,4,Hound Dogs,"1 foot, 7 inches to 1 foot, 8 inches tall at the shoulder",,12 to 15 years,norwegian elkhound,12.0,15.0
Norwegian Lundehund,https://dogtime.com/dog-breeds/norwegian-lundehund,3,1,1,3,2,5,3,5,5,5,5,5,3,5,1,4,3,3,3,3,4,5,3,2,1,5,5,4,4,5,5,Working Dogs,"1 foot to 1 foot, 3 inches tall at the shoulder",13 to 16 pounds,10 to 12 years,norwegian lundehund,10.0,12.0
Norwich Terrier,https://dogtime.com/dog-breeds/norwich-terrier,4,5,3,4,2,4,4,5,5,5,5,5,3,2,1,2,4,5,1,4,4,4,4,3,4,4,5,5,4,4,5,Terrier Dogs,Up to 10 inches tall at the shoulder,Up to 12 pounds,10 to 14 years,norwich terrier,10.0,14.0
Nova Scotia Duck Tolling Retriever,https://dogtime.com/dog-breeds/nova-scotia-duck-tolling-retriever,4,5,3,3,2,4,4,5,5,5,4,4,3,3,1,5,4,4,3,4,4,5,4,5,4,3,5,5,3,5,5,Sporting Dogs,"1 foot, 5 inches to 1 foot, 9 inches tall at the shoulder",35 to 50 pounds,10 to 14 years,nova scotia duck tolling retriever,10.0,14.0
Old English Sheepdog,https://dogtime.com/dog-breeds/old-english-sheepdog,4,5,4,4,2,4,2,4,5,4,4,4,3,1,4,1,4,4,4,3,3,4,2,3,1,2,4,4,3,4,4,Herding Dogs,"From 1 foot, 9 inches tall at the shoulder",,10 to 12 years,old english sheepdog,10.0,12.0
Otterhound,https://dogtime.com/dog-breeds/otterhound,3,1,4,2,5,4,3,5,5,5,5,4,3,4,1,2,4,3,4,4,2,4,3,5,2,5,5,5,4,5,5,Hound Dogs,"2 feet to 2 feet, 3 inches tall at the shoulder",,10 to 12 years,otterhound,10.0,12.0
Papillon,https://dogtime.com/dog-breeds/papillon,3,5,5,3,1,2,4,4,5,3,4,5,2,2,1,3,3,3,1,3,5,4,3,4,2,1,4,4,3,5,5,Companion Dogs,8 inches to 11 inches tall at the shoulder,4 to 9 pounds,12 to 16 years,papillon,12.0,16.0
Papipoo,https://dogtime.com/dog-breeds/papipoo,4,5,5,4,1,2,4,4,5,3,4,4,2,1,1,2,3,3,1,3,5,5,3,3,2,2,5,5,3,5,5,Mixed Breed Dogs,10 to 11 inches,6 to 14 pounds,10 to 14 years,papipoo,10.0,14.0
Peekapoo,https://dogtime.com/dog-breeds/peekapoo,4,5,5,4,2,3,2,4,5,4,4,3,2,2,1,2,3,4,1,3,3,4,4,3,4,1,3,3,2,3,4,Hybrid Dogs,Up to 11 inches tall at the shoulder,4 to 20 pounds,10 to 15 years,peekapoo,10.0,15.0
Pekingese,https://dogtime.com/dog-breeds/pekingese,3,5,4,2,3,4,1,3,5,2,2,2,2,4,1,1,2,3,1,4,3,4,3,5,4,3,2,2,1,2,3,Companion Dogs,6 inches to 9 inches tall at the shoulder,7 to 14 pounds,12 to 15 years,pekingese,12.0,15.0
Pembroke Welsh Corgi,https://dogtime.com/dog-breeds/pembroke-welsh-corgi,4,4,4,4,3,4,3,4,5,4,3,5,3,5,1,4,3,4,2,3,5,5,2,3,2,2,4,4,3,4,4,Herding Dogs,10 inches to 1 foot tall at the shoulder,Up to 30 pounds,12 to 14 years,pembroke welsh corgi,12.0,14.0
Petit Basset Griffon Vendeen,https://dogtime.com/dog-breeds/petit-basset-griffon-vendeen,3,4,3,3,3,4,3,5,5,5,5,5,3,4,1,2,3,4,2,4,1,4,3,5,5,5,5,5,4,5,5,Hound Dogs,"1 foot, 1 inch to 1 foot, 3 inches tall at the shoulder",30 to 40 pounds,Starts at 14 years,petit basset griffon vendeen,14.0,14.0
Pharaoh Hound,https://dogtime.com/dog-breeds/pharaoh-hound,4,4,4,5,2,1,5,5,5,5,5,4,3,2,1,4,5,3,3,4,3,4,4,5,4,4,3,2,3,4,4,Hound Dogs,"1 foot, 9 inches to 2 feet, 1 inch tall at the shoulder",45 to 55 pounds,11 to 14 years,pharaoh hound,11.0,14.0
Pitsky,https://dogtime.com/dog-breeds/pitsky,2,2,1,4,1,3,3,5,5,5,3,5,3,4,2,3,4,2,3,4,3,3,4,3,4,4,5,4,4,5,5,Mixed Breed Dogs,16 to 25 inches ,30 to 80 pounds ,12 to 16 years ,pitsky,12.0,16.0
Plott,https://dogtime.com/dog-breeds/plott,2,1,1,4,2,2,4,4,4,3,5,3,3,2,1,5,5,3,3,4,4,3,3,5,1,5,4,4,4,5,3,Hound Dogs,"1 foot, 8 inches to 2 feet, 3 inches tall at the shoulder",40 to 75 pounds,12 to 14 years,plott,12.0,14.0
Pocket Beagle,https://dogtime.com/dog-breeds/pocket-beagle,3,4,3,4,2,2,4,5,5,5,5,4,3,3,1,5,3,5,2,4,3,4,4,3,5,5,4,4,4,4,4,Hound Dogs,7 inches to 1 foot tall at the shoulder,7 to 15 pounds,Starts at 10 years,pocket beagle,10.0,10.0
Pointer,https://dogtime.com/dog-breeds/pointer,2,1,1,3,1,2,4,5,5,5,5,5,3,3,1,5,3,3,3,5,5,5,5,5,3,5,5,5,5,5,5,Sporting Dogs,"1 foot, 11 inches to 2 feet, 4 inches tall at the shoulder",45 to 75 pounds,12 to 15 years,pointer,12.0,15.0
Polish Lowland Sheepdog,https://dogtime.com/dog-breeds/polish-lowland-sheepdog,4,4,2,4,3,4,4,4,5,4,3,3,2,1,1,1,4,3,3,3,4,4,3,3,2,3,4,4,3,4,4,Herding Dogs,"1 foot, 5 inches to 1 foot, 8 inches tall at the shoulder",35 to 55 pounds,10 to 12 years,polish lowland sheepdog,10.0,12.0
Pomapoo,https://dogtime.com/dog-breeds/pomapoo,3,5,5,4,1,3,2,4,5,3,3,3,2,3,1,1,3,4,1,3,4,4,3,2,3,1,3,3,3,3,4,Mixed Breed Dogs,8 to 10 inches,5 to 15 pounds,12 to 15 years ,pomapoo,12.0,15.0
Pomchi,https://dogtime.com/dog-breeds/pomchi,3,4,3,3,3,2,4,3,4,3,3,3,3,3,1,2,5,4,1,4,3,4,4,3,4,3,4,3,4,3,4,Mixed Breed Dogs,6 to 10 inches,4 to 12 pounds,12 to 18 years,pomchi,12.0,18.0
Pomeagle,https://dogtime.com/dog-breeds/pomeagle,3,4,4,4,1,3,2,4,5,3,3,3,3,4,1,2,3,4,1,3,3,2,3,3,5,4,4,4,3,3,4,Mixed Breed Dogs,6 to 11 inches ,5 to 25 pounds ,12 to 15 years ,pomeagle,12.0,15.0
Pomeranian,https://dogtime.com/dog-breeds/pomeranian,3,4,4,4,1,4,2,3,5,2,2,3,3,4,1,2,3,4,1,3,4,4,2,2,5,1,3,3,2,2,3,Companion Dogs,7 inches to 1 foot tall at the shoulder,3 to 7 pounds,12 to 16 years,pomeranian,12.0,16.0
Pomsky,https://dogtime.com/dog-breeds/pomsky,3,5,2,4,1,5,3,3,5,2,3,3,3,4,1,2,3,3,2,4,3,4,3,4,5,2,3,4,2,3,4,Mixed Breed Dogs,10 to 15 inches,7 to 38 pounds,12 to 15 years,pomsky,12.0,15.0
Poochon,https://dogtime.com/dog-breeds/poochon,4,5,5,5,1,3,4,5,5,5,4,4,2,1,1,1,3,4,2,3,5,4,3,3,2,2,4,4,3,4,5,Mixed Breed Dogs,9 to 15 inches ,6 to 17 pounds ,12 to 15 years,poochon,12.0,15.0
Poodle,https://dogtime.com/dog-breeds/poodle,4,5,5,4,1,3,4,5,5,5,4,4,2,1,1,1,2,4,4,4,5,5,4,2,2,3,4,4,3,4,5,Companion Dogs,"From 1 foot, 10 inches tall at the shoulder",45 to 70 pounds,12 to 15 years,poodle,12.0,15.0
Portuguese Podengo Pequeno,https://dogtime.com/dog-breeds/portuguese-podengo-pequeno,3,5,4,3,3,2,3,4,4,4,4,4,3,3,1,4,4,2,1,4,4,3,3,4,4,3,4,5,3,3,3,Hound Dogs,8 to 12 inches,9 to 13 pounds,12 to 15 years,portuguese podengo pequeno,12.0,15.0
Portuguese Water Dog,https://dogtime.com/dog-breeds/portuguese-water-dog,3,4,3,4,2,4,3,5,5,5,5,3,2,1,1,2,4,3,3,4,4,5,5,3,3,3,5,5,3,5,5,Working Dogs,"1 foot, 5 inches to 1 foot, 11 inches tall at the shoulder",35 to 60 pounds,10 to 14 years,portuguese water dog,10.0,14.0
Pug,https://dogtime.com/dog-breeds/pug,3,5,5,3,1,2,1,4,5,4,4,4,3,5,1,5,1,5,2,2,3,2,2,3,2,2,4,3,4,3,5,Companion Dogs,"10 inches to 1 foot, 2 inches tall at the shoulder",14 to 18 pounds,12 to 15 years,pug,12.0,15.0
Pugalier,https://dogtime.com/dog-breeds/pugalier,4,5,5,5,2,2,2,5,5,5,5,5,3,4,1,4,3,5,2,3,4,3,3,3,3,2,4,3,3,3,5,Mixed Breed Dogs,10 to 14 inches,10 to 20 pounds,12 to 15 years ,pugalier,12.0,15.0
Puggle,https://dogtime.com/dog-breeds/puggle,4,4,5,3,3,3,3,5,3,5,5,5,3,3,1,5,4,5,2,3,2,3,3,2,4,5,3,3,2,3,3,Hybrid Dogs,"1 foot, 1 inch to 1 foot, 3 inches tall at the shoulder",18 to 30 pounds,10 to 15 years,puggle,10.0,15.0
Puli,https://dogtime.com/dog-breeds/puli,3,4,1,4,2,4,3,4,5,5,5,2,2,1,1,1,5,3,3,4,2,4,3,4,4,5,5,5,5,5,5,Herding Dogs,"1 foot, 4 inches to 1 foot, 5 inches tall at the shoulder",25 to 35 pounds,10 to 15 years,puli,10.0,15.0
Pyrenean Shepherd,https://dogtime.com/dog-breeds/pyrenean-shepherd,3,5,2,4,1,4,3,4,5,5,2,2,2,3,1,3,2,3,2,3,2,4,3,4,5,2,5,4,5,5,5,Herding Dogs,"1 foot, 3 inches to 1 foot, 9 inches tall at the shoulder",25 to 30 pounds,15 to 17 years,pyrenean shepherd,15.0,17.0
Rat Terrier,https://dogtime.com/dog-breeds/rat-terrier,3,5,3,4,3,1,4,4,4,5,3,4,3,4,1,5,4,3,1,3,5,4,2,4,1,4,5,5,4,4,5,Terrier Dogs,"1 foot, 1 inch to 1 foot, 4 inches tall at the shoulder",,13 to 18 years,rat terrier,13.0,18.0
Redbone Coonhound,https://dogtime.com/dog-breeds/redbone-coonhound,3,4,2,5,2,3,2,4,5,5,4,3,3,2,4,5,3,3,3,4,3,4,4,4,4,5,5,4,4,5,5,Hound Dogs,"1 foot, 9 inches to 2 feet, 3 inches tall at the shoulder",45 to 70 pounds,10 to 12 years,redbone coonhound,10.0,12.0
Rhodesian Ridgeback,https://dogtime.com/dog-breeds/rhodesian-ridgeback,3,1,2,4,2,3,3,4,5,4,4,3,4,4,1,5,4,3,4,3,2,4,3,5,1,5,5,4,4,5,5,Hound Dogs,"2 feet to 2 feet, 3 inches tall at the shoulder",70 to 85 pounds,10 to 12 years,rhodesian ridgeback,10.0,12.0
Rottador,https://dogtime.com/dog-breeds/rottador,3,3,2,5,1,4,3,4,5,4,3,3,4,4,4,5,2,5,4,4,4,5,4,3,4,3,5,5,5,5,5,Mixed Breed Dogs,24 to 27 inches,70 to 115 pounds,10 to 12 years,rottador,10.0,12.0
Rottle,https://dogtime.com/dog-breeds/rottle,3,4,3,3,3,3,3,4,5,4,3,3,3,2,2,4,4,3,3,3,5,5,3,3,2,2,4,4,3,4,5,Mixed Breed Dogs,12 to 27 inches,60 to 90 pounds,9 to 15 years,rottle,9.0,15.0
Rottweiler,https://dogtime.com/dog-breeds/rottweiler,2,2,1,4,1,2,3,4,5,4,2,4,4,4,4,5,2,5,3,4,4,5,3,4,4,2,4,4,4,4,5,Working Dogs,"1 foot, 10 inches to 2 feet, 3 inches tall at the shoulder",85 to 130 pounds,8 to 11 years,rottweiler,8.0,11.0
Saint Berdoodle,https://dogtime.com/dog-breeds/saint-berdoodle,3,2,5,3,2,4,3,5,5,5,5,4,3,3,1,4,4,3,4,3,4,4,3,3,3,3,3,3,3,3,3,Mixed Breed Dogs,15 to 30 inches,40 to 180 pounds,8 to 12 years,saint berdoodle,8.0,12.0
Saint Bernard,https://dogtime.com/dog-breeds/saint-bernard,3,3,2,4,1,5,1,5,5,5,5,5,4,4,5,2,2,4,5,2,2,4,3,1,1,2,3,3,2,2,4,Working Dogs,"2 feet, 2 inches to 2 feet, 6 inches tall at the shoulder",120 to 180 pounds,8 to 10 years,saint bernard,8.0,10.0
Saluki,https://dogtime.com/dog-breeds/saluki,2,1,2,5,1,2,3,4,5,4,4,1,3,2,1,4,4,1,4,4,4,4,4,5,1,5,4,5,2,5,5,Hound Dogs,"1 foot, 11 inches to 2 feet, 4 inches tall at the shoulder",35 to 70 pounds,12 to 14 years,saluki,12.0,14.0
Samoyed,https://dogtime.com/dog-breeds/samoyed,3,2,2,4,2,5,1,5,5,5,5,5,3,5,2,1,3,4,3,4,3,3,3,5,3,4,4,5,2,5,5,Working Dogs,"1 foot, 7 inches to 2 feet tall at the shoulder",50 to 60 pounds,12 to 14 years,samoyed,12.0,14.0
Samusky,https://dogtime.com/dog-breeds/samusky,3,2,3,3,2,5,3,4,4,5,4,4,3,4,2,2,3,4,4,3,3,5,3,3,2,4,4,5,3,4,5,Mixed Breed Dogs,20 to 24 inches,45 to 60 pounds,12 to 15 years,samusky,12.0,15.0
Schipperke,https://dogtime.com/dog-breeds/schipperke,3,4,4,4,3,3,2,3,4,5,2,2,3,3,1,5,4,5,1,3,2,4,3,2,4,5,5,5,3,5,5,Companion Dogs,"10 inches to 1 foot, 3 inches tall at the shoulder",11 to 18 pounds,13 to 15 years,schipperke,13.0,15.0
Schnoodle,https://dogtime.com/dog-breeds/schnoodle,3,3,5,4,2,2,4,4,4,5,3,3,3,2,1,4,3,4,4,3,4,5,3,3,2,3,4,4,3,4,4,Hybrid Dogs,"1 foot, 3 inches to 2 feet, 2 inches tall at the shoulder",20 to 75 pounds,10 to 15 years,schnoodle,10.0,15.0
Scottish Deerhound,https://dogtime.com/dog-breeds/scottish-deerhound,3,1,1,3,2,4,4,4,5,4,2,5,3,5,1,2,3,4,5,3,2,3,4,5,1,4,5,5,5,5,5,Hound Dogs,"2 feet, 4 inches to 2 feet, 8 inches tall at the shoulder",75 to 110 pounds,8 to 11 years,scottish deerhound,8.0,11.0
Scottish Terrier,https://dogtime.com/dog-breeds/scottish-terrier,3,4,2,4,3,4,3,4,5,4,4,4,2,2,1,2,4,3,2,3,1,4,3,3,4,5,4,4,4,4,4,Terrier Dogs,Up to 10 inches tall at the shoulder,18 to 22 pounds,11 to 13 years,scottish terrier,11.0,13.0
Sealyham Terrier,https://dogtime.com/dog-breeds/sealyham-terrier,4,4,4,4,2,4,3,4,4,4,4,3,3,4,3,1,5,3,2,3,3,4,2,2,2,3,4,4,2,4,4,Terrier Dogs,Up to 10 inches tall at the shoulder,22 to 24 pounds,12 to 14 years,sealyham terrier,12.0,14.0
Sheepadoodle,https://dogtime.com/dog-breeds/sheepadoodle,4,4,4,5,2,4,3,5,5,5,4,4,3,1,1,3,4,4,4,3,3,5,3,1,2,2,4,4,3,4,5,Mixed Breed Dogs,16 to 22 inches,60 to 80 pounds,12 to 15 years,sheepadoodle,12.0,15.0
Shepsky,https://dogtime.com/dog-breeds/shepsky,3,1,1,4,2,4,3,4,5,4,3,4,3,4,2,3,4,2,4,4,4,5,4,4,3,2,5,5,4,5,5,Mixed Breed Dogs,20 to 25 inches,45 to 88 pounds ,10 to 14 years ,shepsky,10.0,14.0
Shetland Sheepdog,https://dogtime.com/dog-breeds/shetland-sheepdog,3,2,3,5,2,4,3,5,5,5,4,5,3,5,1,2,4,3,1,3,5,5,1,3,1,2,4,4,2,4,4,Herding Dogs,"1 foot, 1 inch to 1 foot, 4 inches tall at the shoulder",Starts at 20 pounds,12 to 15 years,shetland sheepdog,12.0,15.0
Shiba Inu,https://dogtime.com/dog-breeds/shiba-inu,4,5,4,3,5,4,3,3,4,3,3,3,3,4,1,4,3,2,2,4,2,4,4,3,4,4,3,4,2,3,3,Companion Dogs,"1 foot, 1 inch to 1 foot, 5 inches tall at the shoulder",17 to 23 pounds,12 to 16 years,shiba inu,12.0,16.0
Shichon,https://dogtime.com/dog-breeds/shichon,3,5,4,4,1,2,2,5,5,5,4,4,3,1,1,4,4,3,2,2,3,4,1,1,2,1,4,4,2,3,5,Mixed Breed Dogs,9 to 12 inches,9 to 15 pounds,12 to 18 years,shichon,12.0,18.0
Shih-Poo,https://dogtime.com/dog-breeds/shih-poo,3,5,2,4,2,3,2,4,5,3,2,4,2,1,1,2,3,4,1,3,2,4,3,2,2,2,3,3,1,2,4,Mixed Breed Dogs,8 to 18 inches ,8 to 18 pounds ,13 to 17+ years ,shih-poo,13.0,17.0
Shih Tzu,https://dogtime.com/dog-breeds/shih-tzu,3,5,5,3,3,3,1,5,5,4,4,5,2,3,1,1,3,4,1,3,3,4,4,4,2,2,3,2,3,2,4,Companion Dogs,9 to 10 inches tall at the shoulder,9 to 16 pounds,10 to 16 years,shih tzu,10.0,16.0
Shiranian,https://dogtime.com/dog-breeds/shiranian,3,4,4,4,2,2,1,4,5,3,3,4,2,2,2,2,2,3,2,2,2,4,1,1,2,2,3,2,3,2,4,Mixed Breed Dogs,7 to 12 inches,4 to 16 pounds ,12 to 16 years,shiranian,12.0,16.0
Shollie,https://dogtime.com/dog-breeds/shollie,3,1,2,3,2,4,4,3,4,4,3,2,3,4,2,3,3,4,4,4,4,4,3,3,3,4,4,5,4,4,4,Mixed Breed Dogs,21 to 29 inches,70 to 80 pounds,13 to 15 years,shollie,13.0,15.0
Shorkie,https://dogtime.com/dog-breeds/shorkie,3,5,3,3,1,2,2,3,4,3,2,3,2,2,1,4,2,3,1,3,2,3,2,4,4,3,4,4,3,2,5,Mixed Breed Dogs,6 to 14 inches,5 to 15 pounds ,11 to 16 years ,shorkie,11.0,16.0
Siberian Husky,https://dogtime.com/dog-breeds/siberian-husky,3,2,1,4,1,5,3,5,5,5,5,5,3,3,3,2,4,2,3,4,2,3,4,3,5,5,5,5,3,5,5,Working Dogs,"1 foot, 8 inches to 1 foot, 11 inches tall at the shoulder",35 to 60 pounds,12 to 15 years,siberian husky,12.0,15.0
Silken Windhound,https://dogtime.com/dog-breeds/silken-windhound,4,4,4,4,2,4,4,4,5,4,3,4,3,2,2,4,4,2,3,4,5,4,3,5,1,4,4,4,2,4,5,Hound Dogs,18 to 23.5 inches,20 to 55 pounds,14 to 20 years,silken windhound,14.0,20.0
Silky Terrier,https://dogtime.com/dog-breeds/silky-terrier,3,5,3,3,3,1,4,3,4,3,2,3,3,2,1,4,4,3,1,4,4,4,2,5,4,3,4,4,4,3,4,Companion Dogs,9 inches to 10 inches tall at the shoulder,8 to 10 pounds,12 to 15 years,silky terrier,12.0,15.0
Skye Terrier,https://dogtime.com/dog-breeds/skye-terrier,4,4,4,3,2,4,4,4,4,4,2,5,3,3,1,3,5,3,2,4,2,4,3,4,4,4,4,3,4,3,4,Terrier Dogs,9 inches to 10 inches tall at the shoulder,25 to 40 pounds,12 to 14 years,skye terrier,12.0,14.0
Sloughi,https://dogtime.com/dog-breeds/sloughi,3,4,2,4,3,2,3,4,5,5,4,3,3,3,1,5,3,2,4,3,3,4,3,5,2,3,4,5,3,5,3,Hound Dogs,"2 feet to 2 feet, 5 inches tall at the shoulder",40 to 63 pounds,12 to 16 years,sloughi,12.0,16.0
Small Munsterlander Pointer,https://dogtime.com/dog-breeds/small-munsterlander-pointer,3,1,2,3,4,5,3,5,5,5,5,4,3,3,1,3,5,3,3,4,5,5,3,5,3,4,5,4,5,5,4,Sporting Dogs,"1 foot, 7 inches to 1 foot, 10 inches tall at the shoulder",40 to 60 pounds,12 to 14 years,small munsterlander pointer,12.0,14.0
Soft Coated Wheaten Terrier,https://dogtime.com/dog-breeds/soft-coated-wheaten-terrier,3,5,4,4,2,2,3,5,5,5,5,5,3,2,1,3,4,3,3,3,4,4,2,3,3,4,4,4,3,4,5,Terrier Dogs,"1 foot, 5 inches to 1 foot, 7 inches tall at the shoulder",30 to 40 pounds,12 to 15 years,soft coated wheaten terrier,12.0,15.0
Spanish Mastiff,https://dogtime.com/dog-breeds/spanish-mastiff,3,2,1,3,3,4,3,3,4,4,2,2,3,3,2,3,4,3,5,2,2,4,2,1,1,2,3,3,2,3,4,Working Dogs,26 to 35 inches,140 to 220 pounds,10 to 12 years,spanish mastiff,10.0,12.0
Spinone Italiano,https://dogtime.com/dog-breeds/spinone-italiano,4,4,4,5,2,4,3,5,5,5,5,5,3,3,4,2,3,2,4,3,4,4,2,4,2,2,4,4,2,4,4,Sporting Dogs,22 to 28 inches,61 to 86 pounds,10 to 14 years,spinone italiano,10.0,14.0
Springador,https://dogtime.com/dog-breeds/springador,3,2,3,4,1,4,4,3,4,3,3,3,3,1,2,4,4,4,4,4,5,5,2,4,3,4,4,4,3,4,4,Mixed Breed Dogs,18 to 24 inches,50 to 90 pounds,10 to 14 years,springador,10.0,14.0
Stabyhoun,https://dogtime.com/dog-breeds/stabyhoun,3,2,3,4,3,2,2,4,5,5,4,3,3,3,1,3,5,3,3,4,5,5,1,4,3,3,4,3,4,4,5,Sporting Dogs,"1 foot, 7 inches to 1 foot, 8 inches tall at the shoulder",45 to 50 pounds,13 to 14 years,stabyhoun,13.0,14.0
Staffordshire Bull Terrier,https://dogtime.com/dog-breeds/staffordshire-bull-terrier,2,3,1,4,2,3,1,4,5,5,1,5,3,3,3,5,3,4,2,3,2,3,2,2,3,4,4,3,3,4,5,Terrier Dogs,"1 foot, 2 inches to 1 foot, 4 inches tall at the shoulder",24 to 38 pounds,12 to 14 years,staffordshire bull terrier,12.0,14.0
Standard Schnauzer,https://dogtime.com/dog-breeds/standard-schnauzer,3,4,2,4,2,4,4,3,4,4,3,2,2,1,1,2,5,1,3,4,3,5,3,5,2,5,5,5,3,5,5,Working Dogs,"1 foot, 5 inches to 1 foot, 8 inches tall at the shoulder",30 to 50 pounds,13 to 16 years,standard schnauzer,13.0,16.0
Sussex Spaniel,https://dogtime.com/dog-breeds/sussex-spaniel,4,5,5,5,1,5,5,5,5,5,5,5,3,3,1,4,4,5,2,3,3,5,2,1,4,1,2,2,1,2,4,Sporting Dogs,"1 foot, 1 inch to 1 foot, 3 inches tall at the shoulder",35 to 45 pounds,11 to 14 years,sussex spaniel,11.0,14.0
Swedish Vallhund,https://dogtime.com/dog-breeds/swedish-vallhund,3,3,1,3,3,4,3,4,5,4,3,5,4,4,1,5,4,4,3,3,5,5,2,4,1,3,5,5,3,5,5,Herding Dogs,"11 inches to 1 foot, 1 inch tall at the shoulder",22 to 35 pounds,12 to 15 years,swedish vallhund,12.0,15.0
Terripoo,https://dogtime.com/dog-breeds/terripoo,3,5,5,2,1,3,4,4,5,4,3,3,2,1,1,3,3,3,1,4,4,5,2,4,3,3,4,5,3,4,5,Mixed Breed Dogs,9 to 15 inches,10 to 14 pounds,10 to 15 years,terripoo,10.0,15.0
Texas Heeler,https://dogtime.com/dog-breeds/texas-heeler,3,2,3,3,3,4,3,3,4,3,3,3,3,4,2,3,3,5,3,4,3,5,4,3,2,4,4,5,3,5,4,Mixed Breed Dogs,16 to 22 inches,25 to 50 pounds,12 to 15 years,texas heeler,12.0,15.0
Tibetan Mastiff,https://dogtime.com/dog-breeds/tibetan-mastiff,3,1,1,5,1,5,2,4,5,5,5,2,3,2,2,4,3,4,5,3,1,5,5,3,2,3,3,4,2,2,5,Working Dogs,"2 feet to 2 feet, 2 inches tall at the shoulder",75 to 160 pounds,10 to 14 years,tibetan mastiff,10.0,14.0
Tibetan Spaniel,https://dogtime.com/dog-breeds/tibetan-spaniel,3,5,4,5,1,1,2,4,5,5,4,3,3,3,1,4,5,3,1,4,4,4,3,3,4,3,4,3,3,4,4,Companion Dogs,From 10 inches tall at the shoulder,9 to 15 pounds,12 to 15 years,tibetan spaniel,12.0,15.0
Tibetan Terrier,https://dogtime.com/dog-breeds/tibetan-terrier,4,5,3,4,1,4,4,4,5,5,4,3,2,1,1,1,5,3,2,3,4,4,2,2,2,3,5,5,4,5,5,Companion Dogs,"1 foot, 2 inches to 1 foot, 4 inches tall at the shoulder",20 to 24 pounds,12 to 15 years,tibetan terrier,12.0,15.0
Toy Fox Terrier,https://dogtime.com/dog-breeds/toy-fox-terrier,3,5,3,4,1,2,3,4,5,4,3,3,3,4,1,5,5,2,1,4,3,4,2,5,4,4,5,5,4,5,5,Companion Dogs,8 to 11 inches at the shoulder,3 to 7 pounds,13 to 14 years,toy fox terrier,13.0,14.0
Treeing Tennessee Brindle,https://dogtime.com/dog-breeds/treeing-tennessee-brindle,2,1,2,3,2,3,3,4,4,4,4,3,4,4,3,5,4,3,3,3,3,4,3,4,1,1,4,4,4,5,3,Hound Dogs,"1 foot, 4 inches to 2 feet tall at the shoulder",30 to 45 pounds,10 to 12 years,treeing tennessee brindle,10.0,12.0
Treeing Walker Coonhound,https://dogtime.com/dog-breeds/treeing-walker-coonhound,3,1,2,5,2,3,3,4,4,4,3,3,4,3,2,5,4,3,4,4,2,4,3,4,5,5,4,4,4,5,3,Hound Dogs,"1 foot, 8 inches to 2 feet, 3 inches tall at the shoulder",45 to 80 pounds,12 to 13 years,treeing walker coonhound,12.0,13.0
Valley Bulldog,https://dogtime.com/dog-breeds/valley-bulldog,3,4,3,4,2,1,1,4,5,4,3,4,4,4,3,5,3,4,4,3,3,3,2,3,4,1,4,4,4,4,4,Mixed Breed Dogs,12 to 25 inches,50 to 125 pounds ,8 to 12 years,valley bulldog,8.0,12.0
Vizsla,https://dogtime.com/dog-breeds/vizsla,3,1,3,5,1,1,4,5,5,5,5,5,3,2,1,5,4,2,3,4,5,4,4,2,5,5,5,5,4,5,5,Sporting Dogs,"1 foot, 9 inches to 2 feet tall at the shoulder",45 to 65 pounds,10 to 14 years,vizsla,10.0,14.0
Weimaraner,https://dogtime.com/dog-breeds/weimaraner,3,1,2,5,1,3,4,4,5,4,3,3,4,4,4,5,3,2,4,4,4,5,5,5,2,5,5,5,5,5,5,Sporting Dogs,"1 foot, 11 inches to 2 feet, 3 inches tall at the shoulder",55 to 85 pounds,11 to 13 years,weimaraner,11.0,13.0
Welsh Springer Spaniel,https://dogtime.com/dog-breeds/welsh-springer-spaniel,4,4,4,5,1,4,4,4,5,5,4,3,3,3,1,4,4,4,3,4,5,5,3,3,5,5,5,5,4,5,4,Sporting Dogs,"1 foot, 5 inches to 1 foot, 7 inches tall at the shoulder",35 to 55 pounds,10 to 15 years,welsh springer spaniel,10.0,15.0
Welsh Terrier,https://dogtime.com/dog-breeds/welsh-terrier,3,3,3,3,2,2,2,5,4,5,5,4,3,2,1,2,5,3,2,4,3,5,2,5,4,4,5,5,5,5,5,Terrier Dogs,"1 foot, 2 inches to 1 foot, 3 inches tall at the shoulder",Up to 20 pounds,10 to 14 years,welsh terrier,10.0,14.0
West Highland White Terrier,https://dogtime.com/dog-breeds/west-highland-white-terrier,4,4,4,4,2,4,3,4,5,4,5,3,3,4,1,3,3,4,2,4,4,4,2,4,4,3,4,4,4,4,4,Terrier Dogs,10 inches to 11 inches tall at the shoulder,13 to 22 pounds,12 to 16 years,west highland white terrier,12.0,16.0
Westiepoo,https://dogtime.com/dog-breeds/westiepoo,3,3,4,4,1,3,3,4,4,4,4,4,3,1,1,5,4,4,2,4,4,4,3,4,3,3,4,4,4,4,5,Mixed Breed Dogs,11 to 17 inches,20 to 35 pounds,12 to 15 years,westiepoo,12.0,15.0
Whippet,https://dogtime.com/dog-breeds/whippet,3,5,3,5,2,1,4,5,5,5,4,4,3,2,1,5,4,1,3,4,4,4,4,5,1,4,4,5,2,5,5,Hound Dogs,"1 foot, 6 inches to 1 foot, 10 inches tall at the shoulder",18 to 48 pounds,12 to 15 years,whippet,12.0,15.0
Whoodle,https://dogtime.com/dog-breeds/whoodle,3,4,1,3,1,4,2,4,4,4,3,4,3,2,1,3,4,2,3,2,2,4,1,2,1,3,4,4,4,4,4,Mixed Breed Dogs,12 to 20 inches,20 to 45 pounds,12 to 15 years,whoodle,12.0,15.0
Wirehaired Pointing Griffon,https://dogtime.com/dog-breeds/wirehaired-pointing-griffon,3,1,3,4,1,4,3,5,5,5,4,5,3,1,1,3,4,3,3,4,5,5,3,4,4,4,4,5,3,4,5,Sporting Dogs,"1 foot, 8 inches to 2 feet tall at the shoulder",50 to 60 pounds,10 to 14 years,wirehaired pointing griffon,10.0,14.0
Xoloitzcuintli,https://dogtime.com/dog-breeds/xoloitzuintli,3,5,1,5,1,3,3,3,5,3,2,1,4,5,1,5,5,3,3,4,3,5,3,5,5,5,3,3,3,3,3,Companion Dogs,"1 foot, 6 inches to 1 foot, 11 inches tall at the shoulder",10 to 50 pounds,14 to 20 years,xoloitzcuintli,14.0,20.0
Yorkipoo,https://dogtime.com/dog-breeds/yorkipoo,4,5,5,4,3,2,3,4,5,4,3,2,2,1,1,4,3,2,1,4,4,4,3,3,5,2,4,5,3,3,4,Hybrid Dogs,"7 inches to 1 foot, 3 inches tall at the shoulder",3 to 14 pounds,10 to 15 years,yorkipoo,10.0,15.0
Yorkshire Terrier,https://dogtime.com/dog-breeds/yorkshire-terrier,3,5,4,5,2,2,2,3,4,2,3,2,2,2,1,1,4,2,1,3,3,3,2,2,3,3,5,5,4,4,5,Companion Dogs,8 inches to 9 inches tall at the shoulder,4 to 6 pounds,12 to 15 years,yorkshire terrier,12.0,15.0
